Ticker,Correlated_Ticker
ABRA.TA,BULL-M.TA
ABRA.TA,VRDS.TA
ABRA.TA,NURI.TA
ABRA.TA,AMD.TA
ABRA.TA,JNGO.TA
ABRA.TA,MLRN.TA
ABRA.TA,PULS.TA
ABRA.TA,MRG.TA
ABRA.TA,MGIC.TA
ABRA.TA,BRIH.TA
ACCL.TA,WESR.TA
ACCL.TA,HICN.TA
ACCL.TA,NRGN.TA
ACCL.TA,PRIM.TA
ACCL.TA,PRMG.TA
ACCL.TA,SVRT.TA
ACCL.TA,GNCL.TA
ACCL.TA,ARTS.TA
ACCL.TA,ZOOZ.TA
ACCL.TA,AQUA.TA
ACKR.TA,SRFT.TA
ACKR.TA,MNIF.TA
ACKR.TA,LUDN.TA
ACKR.TA,TATT.TA
ACKR.TA,CMER.TA
ACKR.TA,BSEN.TA
ACKR.TA,PAYT.TA
ACKR.TA,NVPT.TA
ACKR.TA,QLTU.TA
ACKR.TA,BRAN.TA
ACRO.TA,AVIV.TA
ACRO.TA,KRDI.TA
ACRO.TA,LAHAV.TA
ACRO.TA,BIG.TA
ACRO.TA,BRKT.TA
ACRO.TA,PRSK.TA
ACRO.TA,DANE.TA
ACRO.TA,PTBL.TA
ACRO.TA,RMN.TA
ACRO.TA,SMT.TA
ADGR.TA,ALUMA.TA
ADGR.TA,ZUR.TA
ADGR.TA,MLRN.TA
ADGR.TA,ILDC.TA
ADGR.TA,MSHR.TA
ADGR.TA,G107.TA
ADGR.TA,WATR.TA
ADGR.TA,VRDS.TA
ADGR.TA,CNTL-M.TA
ADGR.TA,ACRO.TA
ARDM.TA,HUMX.TA
ARDM.TA,PHTM.TA
ARDM.TA,ARTS.TA
ARDM.TA,IDMO.TA
ARDM.TA,BIGT.TA
ARDM.TA,TIGI.TA
ARDM.TA,NRGN.TA
ARDM.TA,FEAT.TA
ARDM.TA,EVGN.TA
ARDM.TA,SHMM.TA
AFHL.TA,VRDS.TA
AFHL.TA,MLTM.TA
AFHL.TA,JNGO.TA
AFHL.TA,TRX.TA
AFHL.TA,ECP.TA
AFHL.TA,ELCO.TA
AFHL.TA,ALUMA.TA
AFHL.TA,G107.TA
AFHL.TA,BRMG.TA
AFHL.TA,WATR.TA
AFPR.TA,ISCN.TA
AFPR.TA,BIG.TA
AFPR.TA,AZRG.TA
AFPR.TA,SMT.TA
AFPR.TA,GVYM.TA
AFPR.TA,POLP.TA
AFPR.TA,AZRM.TA
AFPR.TA,MNRT.TA
AFPR.TA,NTGR.TA
AFPR.TA,SLARL.TA
AFRE.TA,DIMRI.TA
AFRE.TA,AZRM.TA
AFRE.TA,ALMA.TA
AFRE.TA,SRFT.TA
AFRE.TA,LUZN.TA
AFRE.TA,MMHD.TA
AFRE.TA,LUDN.TA
AFRE.TA,BLSR.TA
AFRE.TA,KARE.TA
AFRE.TA,ORBI.TA
AICS-M.TA,AVRT.TA
AICS-M.TA,LBRA.TA
AICS-M.TA,MNIF.TA
AICS-M.TA,PCBT.TA
AICS-M.TA,CTPL5.TA
AICS-M.TA,BSEN.TA
AICS-M.TA,RAYG-M.TA
AICS-M.TA,ELAL.TA
AICS-M.TA,GMLA.TA
AICS-M.TA,RTMD-L.TA
ARPT.TA,RIT1.TA
ARPT.TA,SLARL.TA
ARPT.TA,AMOT.TA
ARPT.TA,SMT.TA
ARPT.TA,MVNE.TA
ARPT.TA,ALUMA.TA
ARPT.TA,VTNA.TA
ARPT.TA,MSHR.TA
ARPT.TA,ACRO.TA
ARPT.TA,ILDC.TA
ARTS.TA,FEAT.TA
ARTS.TA,NXTG.TA
ARTS.TA,FRSX.TA
ARTS.TA,PLUR.TA
ARTS.TA,SHMM.TA
ARTS.TA,SVRE.TA
ARTS.TA,ZOOZ.TA
ARTS.TA,AUGN.TA
ARTS.TA,BIGT.TA
ARTS.TA,STRG.TA
ALAR.TA,UMH.TA
ALAR.TA,NXSN.TA
ALAR.TA,ALMY.TA
ALAR.TA,GOSS.TA
ALAR.TA,IMCO.TA
ALAR.TA,RTMD-L.TA
ALAR.TA,HIPR.TA
ALAR.TA,TEVA.TA
ALAR.TA,GSFI.TA
ALAR.TA,FGAS.TA
ALBA.TA,ARTS.TA
ALBA.TA,SVRE.TA
ALBA.TA,PHTM.TA
ALBA.TA,IDMO.TA
ALBA.TA,TIGI.TA
ALBA.TA,HICN.TA
ALBA.TA,SHMM.TA
ALBA.TA,BIGT.TA
ALBA.TA,AUGN.TA
ALBA.TA,FEAT.TA
ALMD.TA,AQUA.TA
ALMD.TA,GNCL.TA
ALMD.TA,SMAG.TA
ALMD.TA,IDMO.TA
ALMD.TA,ARTS.TA
ALMD.TA,UNCT.TA
ALMD.TA,ZOOZ.TA
ALMD.TA,SVRE.TA
ALMD.TA,SHAN.TA
ALMD.TA,STRG.TA
ALLT.TA,ZOOZ.TA
ALLT.TA,SHMM.TA
ALLT.TA,ARTS.TA
ALLT.TA,IDMO.TA
ALLT.TA,FEAT.TA
ALLT.TA,BCUR.TA
ALLT.TA,TIGI.TA
ALLT.TA,PRIM.TA
ALLT.TA,STRG.TA
ALLT.TA,UNTC.TA
ALMY.TA,DANH.TA
ALMY.TA,NXSN.TA
ALMY.TA,UMH.TA
ALMY.TA,CMER.TA
ALMY.TA,RTMD-L.TA
ALMY.TA,ARYT.TA
ALMY.TA,IMCO.TA
ALMY.TA,NVPT.TA
ALMY.TA,GOHO.TA
ALMY.TA,TATT.TA
ALMA.TA,DIMRI.TA
ALMA.TA,AFRE.TA
ALMA.TA,SRFT.TA
ALMA.TA,DUNI.TA
ALMA.TA,LUDN.TA
ALMA.TA,AZRM.TA
ALMA.TA,LUMI.TA
ALMA.TA,EXPO.TA
ALMA.TA,BLSR.TA
ALMA.TA,CMDR.TA
ALHE.TA,MLRN.TA
ALHE.TA,ALUMA.TA
ALHE.TA,MGRT.TA
ALHE.TA,VRDS.TA
ALHE.TA,G107.TA
ALHE.TA,WATR.TA
ALHE.TA,ZUR.TA
ALHE.TA,AZRT.TA
ALHE.TA,NURI.TA
ALHE.TA,JNGO.TA
ALRPR.TA,ASGR.TA
ALRPR.TA,ISTA.TA
ALRPR.TA,VTNA.TA
ALRPR.TA,ILCO.TA
ALRPR.TA,ISRO.TA
ALRPR.TA,DLEA.TA
ALRPR.TA,ICL.TA
ALRPR.TA,IES.TA
ALRPR.TA,ASHG.TA
ALRPR.TA,DRAL.TA
ALUMA.TA,NXFR.TA
ALUMA.TA,RANI.TA
ALUMA.TA,PLCR.TA
ALUMA.TA,BRMG.TA
ALUMA.TA,BRND.TA
ALUMA.TA,G107.TA
ALUMA.TA,GNGR.TA
ALUMA.TA,UPSL.TA
ALUMA.TA,WATR.TA
ALUMA.TA,MLRN.TA
AMAN.TA,SNCM.TA
AMAN.TA,SCOP.TA
AMAN.TA,ARIN.TA
AMAN.TA,TOPS.TA
AMAN.TA,DLEKG.TA
AMAN.TA,ELMR.TA
AMAN.TA,ENOG.TA
AMAN.TA,HOD.TA
AMAN.TA,NWMD.TA
AMAN.TA,DSCT.TA
AMD.TA,ELCP.TA
AMD.TA,ORTC.TA
AMD.TA,APLP.TA
AMD.TA,LEOF.TA
AMD.TA,PLNT.TA
AMD.TA,HMGS.TA
AMD.TA,WLFD.TA
AMD.TA,MGIC.TA
AMD.TA,BOLT.TA
AMD.TA,CNZN.TA
AMRK.TA,SHNP.TA
AMRK.TA,CAST.TA
AMRK.TA,ALUMA.TA
AMRK.TA,HGG.TA
AMRK.TA,MCLL.TA
AMRK.TA,NTO.TA
AMRK.TA,DIFI.TA
AMRK.TA,YBOX.TA
AMRK.TA,BIG.TA
AMRK.TA,BRIL.TA
AMOT.TA,RIT1.TA
AMOT.TA,SLARL.TA
AMOT.TA,MVNE.TA
AMOT.TA,VTNA.TA
AMOT.TA,ARPT.TA
AMOT.TA,IES.TA
AMOT.TA,ASGR.TA
AMOT.TA,SMT.TA
AMOT.TA,LEVI.TA
AMOT.TA,ALRPR.TA
ANGL.TA,ARF.TA
ANGL.TA,TGI.TA
ANGL.TA,CISY.TA
ANGL.TA,TLSY.TA
ANGL.TA,ORL.TA
ANGL.TA,DLEKG.TA
ANGL.TA,ESLT.TA
ANGL.TA,NWMD.TA
ANGL.TA,FBRT.TA
ANGL.TA,CDEV.TA
APLP.TA,AMD.TA
APLP.TA,FLYS.TA
APLP.TA,FRDN.TA
APLP.TA,MYDS.TA
APLP.TA,BULL-M.TA
APLP.TA,PULS.TA
APLP.TA,TDRN.TA
APLP.TA,YAAC.TA
APLP.TA,LEOF.TA
APLP.TA,MGIC.TA
AQUA.TA,GNCL.TA
AQUA.TA,BVC.TA
AQUA.TA,CNTL-M.TA
AQUA.TA,LPSN.TA
AQUA.TA,GOTO.TA
AQUA.TA,NXTG.TA
AQUA.TA,BLITZ-M.TA
AQUA.TA,SVRE.TA
AQUA.TA,AUGN.TA
AQUA.TA,SMAG.TA
ARD.TA,ARF.TA
ARD.TA,ISRG.TA
ARD.TA,DNYA.TA
ARD.TA,ZPRS.TA
ARD.TA,GLRS.TA
ARAD.TA,BIOV.TA
ARAD.TA,FLYS.TA
ARAD.TA,AVER.TA
ARAD.TA,MSKE.TA
ARAD.TA,SPEN.TA
ARAD.TA,BCNV-M.TA
ARAD.TA,CLAB.TA
ARAD.TA,GAON-M.TA
ARAD.TA,AMD.TA
ARAD.TA,TEDE.TA
ARAN.TA,TOPS.TA
ARAN.TA,SCOP.TA
ARAN.TA,ARIN.TA
ARAN.TA,DLEA.TA
ARAN.TA,ISRO.TA
ARAN.TA,OVRS.TA
ARAN.TA,HOD.TA
ARAN.TA,ONE.TA
ARAN.TA,EMDV.TA
ARAN.TA,RPAC.TA
ARGO.TA,BIG.TA
ARGO.TA,MGOR.TA
ARGO.TA,CAST.TA
ARGO.TA,RMN.TA
ARGO.TA,SHNP.TA
ARGO.TA,ACRO.TA
ARGO.TA,HGG.TA
ARGO.TA,GNGR.TA
ARGO.TA,POLP.TA
ARGO.TA,PTBL.TA
ARIN.TA,HOD.TA
ARIN.TA,SCOP.TA
ARIN.TA,TOPS.TA
ARIN.TA,ISRO.TA
ARIN.TA,ILCO.TA
ARIN.TA,ICL.TA
ARIN.TA,ELMR.TA
ARIN.TA,DELG.TA
ARIN.TA,ELCRE.TA
ARIN.TA,ISTA.TA
ARYT.TA,TATT.TA
ARYT.TA,NXSN.TA
ARYT.TA,NVPT.TA
ARYT.TA,QLTU.TA
ARYT.TA,CMER.TA
ARYT.TA,ASHO.TA
ARYT.TA,ZNKL.TA
ARYT.TA,TOEN.TA
ARYT.TA,GLRS.TA
ARYT.TA,BSEN.TA
ARF.TA,MSVT.TA
ARF.TA,MIFT.TA
ARF.TA,MTRN.TA
ARF.TA,HMGS.TA
ARF.TA,ORL.TA
ARF.TA,NURI.TA
ARF.TA,SVRE.TA
ARF.TA,WNBZ.TA
ARF.TA,TLSY.TA
ARF.TA,GNCL.TA
ASHO.TA,TATT.TA
ASHO.TA,QLTU.TA
ASHO.TA,CMER.TA
ASHO.TA,NVPT.TA
ASHO.TA,ZNKL.TA
ASHO.TA,AURA.TA
ASHO.TA,ARYT.TA
ASHO.TA,BSEN.TA
ASHO.TA,TOEN.TA
ASHO.TA,TMRP.TA
ASHG.TA,HGG.TA
ASHG.TA,FOX.TA
ASHG.TA,TDRN.TA
ASHG.TA,PRSK.TA
ASHG.TA,KEN.TA
ASHG.TA,DLEA.TA
ASHG.TA,ASGR.TA
ASHG.TA,ELCO.TA
ASHG.TA,SHNP.TA
ASHG.TA,ALUMA.TA
ASGR.TA,IES.TA
ASGR.TA,ASHG.TA
ASGR.TA,ALRPR.TA
ASGR.TA,ILCO.TA
ASGR.TA,ICL.TA
ASGR.TA,ELLO.TA
ASGR.TA,ILDC.TA
ASGR.TA,ISTA.TA
ASGR.TA,LVPR.TA
ASGR.TA,RIT1.TA
AUDC.TA,WATR.TA
AUDC.TA,TRX.TA
AUDC.TA,G107.TA
AUDC.TA,NXFR.TA
AUDC.TA,JNGO.TA
AUDC.TA,BLITZ-M.TA
AUDC.TA,PMVM.TA
AUDC.TA,CNTC.TA
AUDC.TA,AVGL.TA
AUDC.TA,HMGS.TA
AUGN.TA,ARTS.TA
AUGN.TA,UNCT.TA
AUGN.TA,HICN.TA
AUGN.TA,ZOOZ.TA
AUGN.TA,MIFT.TA
AUGN.TA,GNCL.TA
AUGN.TA,BVC.TA
AUGN.TA,FEAT.TA
AUGN.TA,AQUA.TA
AUGN.TA,SHMM.TA
AURA.TA,NVPT.TA
AURA.TA,ASHO.TA
AURA.TA,TMRP.TA
AURA.TA,QLTU.TA
AURA.TA,CMER.TA
AURA.TA,TATT.TA
AURA.TA,TOEN.TA
AURA.TA,MMHD.TA
AURA.TA,ZNKL.TA
AURA.TA,NFTA.TA
AUSA-M.TA,PCBT.TA
AUSA-M.TA,GSFI.TA
AUSA-M.TA,PLRM.TA
AUSA-M.TA,LBRA.TA
AUSA-M.TA,SAE.TA
AUIS.TA,CILO.TA
AUIS.TA,AMD.TA
AUIS.TA,BOLT.TA
AUIS.TA,NURI.TA
AUIS.TA,PULS.TA
AUIS.TA,JNGO.TA
AUIS.TA,TRA.TA
AUIS.TA,CNTC.TA
AUIS.TA,BRIH.TA
AUIS.TA,GAGR.TA
AMX.TA,JNGO.TA
AMX.TA,TRA.TA
AMX.TA,VRDS.TA
AMX.TA,HMGS.TA
AMX.TA,NXFR.TA
AMX.TA,G107.TA
AMX.TA,ININ.TA
AMX.TA,PULS.TA
AMX.TA,PLNT.TA
AMX.TA,NURI.TA
AVER.TA,FLYS.TA
AVER.TA,ARAD.TA
AVER.TA,AMD.TA
AVER.TA,SPEN.TA
AVER.TA,BIOV.TA
AVER.TA,ICL.TA
AVER.TA,ISHI.TA
AVER.TA,MSKE.TA
AVER.TA,BCNV-M.TA
AVER.TA,PERI.TA
AVGD.TA,SRFT.TA
AVGD.TA,PAZ.TA
AVGD.TA,LUDN.TA
AVGD.TA,DIMRI.TA
AVGD.TA,LUZN.TA
AVGD.TA,ALMA.TA
AVGD.TA,BLSR.TA
AVGD.TA,MNIF.TA
AVGD.TA,LBRA.TA
AVGD.TA,LUMI.TA
AVGL.TA,MIFT.TA
AVGL.TA,NXFR.TA
AVGL.TA,WATR.TA
AVGL.TA,HMGS.TA
AVGL.TA,GNCL.TA
AVGL.TA,G107.TA
AVGL.TA,PMVM.TA
AVGL.TA,AQUA.TA
AVGL.TA,BLITZ-M.TA
AVGL.TA,TRX.TA
AVIA.TA,HLMS.TA
AVIA.TA,KNFM.TA
AVIA.TA,TMRP.TA
AVIA.TA,NWMD.TA
AVIA.TA,CDEV.TA
AVIA.TA,TLSY.TA
AVIA.TA,NFTA.TA
AVIA.TA,FIBI.TA
AVIA.TA,CISY.TA
AVIA.TA,TOEN.TA
AVIV.TA,ACRO.TA
AVIV.TA,PRMG.TA
AVIV.TA,KSTN.TA
AVIV.TA,PRIM.TA
AVIV.TA,TRX.TA
AVIV.TA,GOTO.TA
AVIV.TA,PTBL.TA
AVIV.TA,DIPL.TA
AVIV.TA,BKRY.TA
AVIV.TA,ALUMA.TA
AVRT.TA,LBRA.TA
AVRT.TA,MNIF.TA
AVRT.TA,DRSH.TA
AVRT.TA,TATT.TA
AVRT.TA,AICS-M.TA
AVRT.TA,BSEN.TA
AVRT.TA,PCBT.TA
AVRT.TA,ACKR.TA
AVRT.TA,RTMD-L.TA
AVRT.TA,CMER.TA
AILN.TA,CNTL-M.TA
AILN.TA,BLITZ-M.TA
AILN.TA,GOTO.TA
AILN.TA,HUMX.TA
AILN.TA,SPDV.TA
AILN.TA,WATR.TA
AILN.TA,BCUR.TA
AILN.TA,TRX.TA
AILN.TA,SHMM.TA
AILN.TA,G107.TA
AYAL.TA,KRDI.TA
AYAL.TA,AVIV.TA
AYAL.TA,LBRA.TA
AYAL.TA,BRKT.TA
AYAL.TA,DANE.TA
AYAL.TA,KSTN.TA
AYAL.TA,ARGO.TA
AYAL.TA,ORON.TA
AYAL.TA,ECNR.TA
AYAL.TA,BIG.TA
AZRM.TA,AFRE.TA
AZRM.TA,KARE.TA
AZRM.TA,DIMRI.TA
AZRM.TA,ALMA.TA
AZRM.TA,BLSR.TA
AZRM.TA,ZMH.TA
AZRM.TA,TFRLF.TA
AZRM.TA,ROTS.TA
AZRM.TA,DUNI.TA
AZRM.TA,ISCN.TA
AZRG.TA,BIG.TA
AZRG.TA,GVYM.TA
AZRG.TA,MNRT.TA
AZRG.TA,MLSR.TA
AZRG.TA,SLARL.TA
AZRG.TA,BLSR.TA
AZRG.TA,ZMH.TA
AZRG.TA,ISCN.TA
AZRG.TA,CLIS.TA
AZRG.TA,AFPR.TA
BCOM.TA,BEZQ.TA
BCOM.TA,RMLI.TA
BCOM.TA,CRSR.TA
BCOM.TA,SNCM.TA
BCOM.TA,EXPO.TA
BCOM.TA,ARIN.TA
BCOM.TA,HOD.TA
BCOM.TA,FIBI.TA
BCOM.TA,JBNK.TA
BCOM.TA,ENOG.TA
BKFR.TA,ILDR.TA
BKFR.TA,TECT.TA
BKFR.TA,BKRY.TA
BKFR.TA,ALBA.TA
BKFR.TA,DANE.TA
BKFR.TA,DELG.TA
BKFR.TA,YBRD.TA
BKFR.TA,PRSK.TA
BKFR.TA,GOTO.TA
BKFR.TA,TGTR.TA
BRAN.TA,LBRA.TA
BRAN.TA,LUZN.TA
BRAN.TA,HARL.TA
BRAN.TA,DRSH.TA
BRAN.TA,CMDR.TA
BRAN.TA,SRFT.TA
BRAN.TA,LUDN.TA
BRAN.TA,ONE.TA
BRAN.TA,ORBI.TA
BRAN.TA,MGDL.TA
BRKT.TA,PRIM.TA
BRKT.TA,ACRO.TA
BRKT.TA,SEMG.TA
BRKT.TA,BKRY.TA
BRKT.TA,ALBA.TA
BRKT.TA,NISA.TA
BRKT.TA,BKFR.TA
BRKT.TA,PRMG.TA
BRKT.TA,WESR.TA
BRKT.TA,YBRD.TA
BVC.TA,GNCL.TA
BVC.TA,AQUA.TA
BVC.TA,SMAG.TA
BVC.TA,SPDV.TA
BVC.TA,AUGN.TA
BVC.TA,BCUR.TA
BVC.TA,UNCT.TA
BVC.TA,ZOOZ.TA
BVC.TA,ARTS.TA
BVC.TA,GOTO.TA
ORL.TA,ARF.TA
ORL.TA,DLEKG.TA
ORL.TA,TGI.TA
ORL.TA,NWMD.TA
ORL.TA,AMAN.TA
ORL.TA,ENOG.TA
ORL.TA,ESLT.TA
ORL.TA,SNCM.TA
ORL.TA,FBRT.TA
ORL.TA,FIBIH.TA
BHNY.TA,NXFR.TA
BHNY.TA,G107.TA
BHNY.TA,JNGO.TA
BHNY.TA,WATR.TA
BHNY.TA,ALUMA.TA
BHNY.TA,TRAN.TA
BHNY.TA,HMGS.TA
BHNY.TA,PMVM.TA
BHNY.TA,CNTC.TA
BHNY.TA,ICON.TA
BSEN.TA,QLTU.TA
BSEN.TA,TATT.TA
BSEN.TA,NVPT.TA
BSEN.TA,RTMD-L.TA
BSEN.TA,ASHO.TA
BSEN.TA,CMER.TA
BSEN.TA,ARYT.TA
BSEN.TA,UMH.TA
BSEN.TA,ZNKL.TA
BSEN.TA,AURA.TA
BEZQ.TA,BCOM.TA
BEZQ.TA,RMLI.TA
BEZQ.TA,CRSR.TA
BEZQ.TA,EXPO.TA
BEZQ.TA,FIBI.TA
BEZQ.TA,JBNK.TA
BEZQ.TA,PHOE.TA
BEZQ.TA,GOLD.TA
BEZQ.TA,ARIN.TA
BEZQ.TA,SCOP.TA
BIG.TA,ARGO.TA
BIG.TA,ISCN.TA
BIG.TA,CAST.TA
BIG.TA,ACRO.TA
BIG.TA,AZRG.TA
BIG.TA,GVYM.TA
BIG.TA,LAHAV.TA
BIG.TA,SHNP.TA
BIG.TA,POLP.TA
BIG.TA,CLIS.TA
BIGT.TA,PLUR.TA
BIGT.TA,FRSX.TA
BIGT.TA,ARTS.TA
BIGT.TA,SHMM.TA
BIGT.TA,HUMX.TA
BIGT.TA,FEAT.TA
BIGT.TA,EVGN.TA
BIGT.TA,BBLS.TA
BIGT.TA,IDMO.TA
BIGT.TA,ZOOZ.TA
BKRY.TA,NXFR.TA
BKRY.TA,SKBN.TA
BKRY.TA,NISA.TA
BKRY.TA,ALUMA.TA
BKRY.TA,TKUN.TA
BKRY.TA,SHAN.TA
BKRY.TA,PRMG.TA
BKRY.TA,UPSL.TA
BKRY.TA,BKFR.TA
BKRY.TA,GKL.TA
BIOV.TA,FLYS.TA
BIOV.TA,ARAD.TA
BIOV.TA,ORTC.TA
BIOV.TA,AMD.TA
BIOV.TA,STRS.TA
BIOV.TA,CLAB.TA
BIOV.TA,AUIS.TA
BIOV.TA,MSKE.TA
BIOV.TA,ELCP.TA
BIOV.TA,BULL-M.TA
BOLT.TA,G107.TA
BOLT.TA,JNGO.TA
BOLT.TA,CILO.TA
BOLT.TA,WATR.TA
BOLT.TA,NURI.TA
BOLT.TA,PULS.TA
BOLT.TA,BLITZ-M.TA
BOLT.TA,VRDS.TA
BOLT.TA,BRIH.TA
BOLT.TA,CNTC.TA
BLRX.TA,GNCL.TA
BLRX.TA,STRG.TA
BLRX.TA,SMAG.TA
BLRX.TA,AQUA.TA
BLRX.TA,ARTS.TA
BLRX.TA,ALMD.TA
BLRX.TA,BIGT.TA
BLRX.TA,FEAT.TA
BLRX.TA,LPSN.TA
BLRX.TA,RVL.TA
BIMT.TA,FLYS.TA
BIMT.TA,ZPRS.TA
BIMT.TA,ARF.TA
BIMT.TA,ELLO.TA
BIMT.TA,BLGO.TA
BIMT.TA,SBEN.TA
BIMT.TA,EPIT.TA
BIMT.TA,ICON.TA
BIMT.TA,TNDO.TA
BIMT.TA,PMNT.TA
BLITZ-M.TA,INTO.TA
BLITZ-M.TA,GNCL.TA
BLITZ-M.TA,WILK.TA
BLITZ-M.TA,SVRT.TA
BLITZ-M.TA,AILN.TA
BLITZ-M.TA,INFR-M.TA
BLITZ-M.TA,AQUA.TA
BLITZ-M.TA,FEAT.TA
BLITZ-M.TA,TRX.TA
BLITZ-M.TA,HICN.TA
BLSR.TA,ALMA.TA
BLSR.TA,ISRS.TA
BLSR.TA,AZRM.TA
BLSR.TA,AFRE.TA
BLSR.TA,MLSR.TA
BLSR.TA,SRFT.TA
BLSR.TA,DIMRI.TA
BLSR.TA,NAWI.TA
BLSR.TA,ROTS.TA
BLSR.TA,LUMI.TA
BOTI.TA,DELG.TA
BOTI.TA,DUNI.TA
BOTI.TA,ZMH.TA
BOTI.TA,RLCO.TA
BOTI.TA,LEVI.TA
BOTI.TA,ELMR.TA
BOTI.TA,DIMRI.TA
BOTI.TA,ISRO.TA
BOTI.TA,ELCRE.TA
BOTI.TA,MGDL.TA
BONS.TA,BCUR.TA
BONS.TA,SPDV.TA
BONS.TA,GOTO.TA
BONS.TA,ZOOZ.TA
BONS.TA,CNTL-M.TA
BONS.TA,UNTC.TA
BONS.TA,MIA.TA
BONS.TA,BLITZ-M.TA
BONS.TA,SHMM.TA
BONS.TA,ARTS.TA
BCNV-M.TA,FLYS.TA
BCNV-M.TA,ARAD.TA
BCNV-M.TA,LVPR.TA
BCNV-M.TA,ELCO.TA
BCNV-M.TA,SPEN.TA
BCNV-M.TA,AMD.TA
BCNV-M.TA,BLGO.TA
BCNV-M.TA,NURI.TA
BCNV-M.TA,GAON-M.TA
BCNV-M.TA,LEOF.TA
BWAY.TA,QLRD.TA
BWAY.TA,LBRA.TA
BWAY.TA,FGAS.TA
BWAY.TA,PCBT.TA
BWAY.TA,SOFW.TA
BWAY.TA,RZR.TA
BWAY.TA,WESR.TA
BWAY.TA,DLTI.TA
BWAY.TA,MAXO.TA
BWAY.TA,UMH.TA
BRAM.TA,NXFR.TA
BRAM.TA,VRDS.TA
BRAM.TA,JNGO.TA
BRAM.TA,G107.TA
BRAM.TA,ALUMA.TA
BRAM.TA,MIFT.TA
BRAM.TA,DIPL.TA
BRAM.TA,NURI.TA
BRAM.TA,WATR.TA
BRAM.TA,ELCP.TA
BRND.TA,ALUMA.TA
BRND.TA,PMVM.TA
BRND.TA,NXFR.TA
BRND.TA,BKRY.TA
BRND.TA,G107.TA
BRND.TA,WATR.TA
BRND.TA,KSTN.TA
BRND.TA,CNTL-M.TA
BRND.TA,ELLO.TA
BRND.TA,ICON.TA
BRIL.TA,MCLL.TA
BRIL.TA,SHNP.TA
BRIL.TA,G107.TA
BRIL.TA,VRDS.TA
BRIL.TA,AMRK.TA
BRIL.TA,ALUMA.TA
BRIL.TA,JNGO.TA
BRIL.TA,ELCRE.TA
BRIL.TA,TOPS.TA
BRIL.TA,WATR.TA
BRMG.TA,ALUMA.TA
BRMG.TA,G107.TA
BRMG.TA,JNGO.TA
BRMG.TA,ECP.TA
BRMG.TA,VRDS.TA
BRMG.TA,WATR.TA
BRMG.TA,MLRN.TA
BRMG.TA,ELCO.TA
BRMG.TA,NURI.TA
BRMG.TA,CNTL-M.TA
BBLS.TA,HUMX.TA
BBLS.TA,ARTS.TA
BBLS.TA,SHMM.TA
BBLS.TA,FEAT.TA
BBLS.TA,BIGT.TA
BBLS.TA,CNTL-M.TA
BBLS.TA,NRGN.TA
BBLS.TA,HICN.TA
BBLS.TA,IDMO.TA
BBLS.TA,PHTM.TA
BLGO.TA,CNTL-M.TA
BLGO.TA,EPIT.TA
BLGO.TA,LVPR.TA
BLGO.TA,ICON.TA
BLGO.TA,ALUMA.TA
BLGO.TA,ELCO.TA
BLGO.TA,FOX.TA
BLGO.TA,ALHE.TA
BLGO.TA,RANI.TA
BLGO.TA,ECP.TA
BULL-M.TA,UTRN.TA
BULL-M.TA,GAGR.TA
BULL-M.TA,NVLG.TA
BULL-M.TA,WLFD.TA
BULL-M.TA,HAMAT.TA
BULL-M.TA,TDRN.TA
BULL-M.TA,CFX.TA
BULL-M.TA,ELCP.TA
BULL-M.TA,AZRT.TA
BULL-M.TA,GNRS.TA
CISY.TA,TMRP.TA
CISY.TA,LHIS.TA
CISY.TA,UNIT.TA
CISY.TA,CDEV.TA
CISY.TA,TOEN.TA
CISY.TA,TLSY.TA
CISY.TA,FIBI.TA
CISY.TA,NFTA.TA
CISY.TA,CAMT.TA
CISY.TA,NXSN.TA
CLAB.TA,ORTC.TA
CLAB.TA,STRS.TA
CLAB.TA,MTRN.TA
CLAB.TA,AUIS.TA
CLAB.TA,AMD.TA
CLAB.TA,NURI.TA
CLAB.TA,GUID.TA
CLAB.TA,ELCP.TA
CLAB.TA,PULS.TA
CLAB.TA,BOLT.TA
CAMT.TA,PRTC.TA
CAMT.TA,NVMI.TA
CAMT.TA,NXSN.TA
CAMT.TA,UNIT.TA
CAMT.TA,TOEN.TA
CAMT.TA,NVPT.TA
CAMT.TA,LHIS.TA
CAMT.TA,QLTU.TA
CAMT.TA,ARYT.TA
CAMT.TA,TMRP.TA
CNTC.TA,CBI.TA
CNTC.TA,INFR-M.TA
CNTC.TA,FLYS.TA
CNTC.TA,WILK.TA
CNTC.TA,MIFT.TA
CNTC.TA,HICN.TA
CNTC.TA,G107.TA
CNTC.TA,PPBT.TA
CNTC.TA,TKUN.TA
CNTC.TA,WATR.TA
CNZN.TA,PLNT.TA
CNZN.TA,HMGS.TA
CNZN.TA,GUID.TA
CNZN.TA,AMD.TA
CNZN.TA,MIFT.TA
CNZN.TA,ELCP.TA
CNZN.TA,PULS.TA
CNZN.TA,GNCL.TA
CNZN.TA,RVL.TA
CNZN.TA,LPSN.TA
CPTP.TA,ASHG.TA
CPTP.TA,TDRN.TA
CPTP.TA,BRMG.TA
CPTP.TA,FRDN.TA
CPTP.TA,YBOX.TA
CPTP.TA,LAHAV.TA
CPTP.TA,FOX.TA
CPTP.TA,VRDS.TA
CPTP.TA,ECP.TA
CPTP.TA,SHNP.TA
CRSM.TA,NAWI.TA
CRSM.TA,POLI.TA
CRSM.TA,LUMI.TA
CRSM.TA,LUDN.TA
CRSM.TA,PHOE.TA
CRSM.TA,EXPO.TA
CRSM.TA,DSCT.TA
CRSM.TA,SRFT.TA
CRSM.TA,MZTF.TA
CRSM.TA,MMHD.TA
CRSR.TA,MNIN.TA
CRSR.TA,ELTR.TA
CRSR.TA,KLIL.TA
CRSR.TA,DRAL.TA
CRSR.TA,SKBN.TA
CRSR.TA,VTNA.TA
CRSR.TA,AFHL.TA
CRSR.TA,TRX.TA
CRSR.TA,ASHG.TA
CRSR.TA,SEMG.TA
CRML.TA,GOTO.TA
CRML.TA,KSTN.TA
CRML.TA,PMVM.TA
CRML.TA,INTO.TA
CRML.TA,TRAN.TA
CRML.TA,WATR.TA
CRML.TA,G107.TA
CRML.TA,NXFR.TA
CRML.TA,BHNY.TA
CRML.TA,BLITZ-M.TA
CRMT.TA,ALUMA.TA
CRMT.TA,VRDS.TA
CRMT.TA,MLRN.TA
CRMT.TA,AZRT.TA
CRMT.TA,G107.TA
CRMT.TA,PLCR.TA
CRMT.TA,WATR.TA
CRMT.TA,ALHE.TA
CRMT.TA,JNGO.TA
CRMT.TA,MCLL.TA
CAST.TA,SHNP.TA
CAST.TA,KAFR.TA
CAST.TA,BIG.TA
CAST.TA,AMRK.TA
CAST.TA,ARGO.TA
CAST.TA,ISCN.TA
CAST.TA,HGG.TA
CAST.TA,MGOR.TA
CAST.TA,LAHAV.TA
CAST.TA,POLP.TA
CEL.TA,PTNR.TA
CEL.TA,CRSR.TA
CEL.TA,MNIN.TA
CEL.TA,HRON.TA
CEL.TA,ACRO.TA
CEL.TA,DRAL.TA
CEL.TA,TMIS.TA
CEL.TA,ROTS.TA
CEL.TA,ISTA.TA
CEL.TA,DRSH.TA
CILO.TA,NURI.TA
CILO.TA,G107.TA
CILO.TA,JNGO.TA
CILO.TA,AZRT.TA
CILO.TA,TRA.TA
CILO.TA,DISI.TA
CILO.TA,WATR.TA
CILO.TA,BOLT.TA
CILO.TA,VRDS.TA
CILO.TA,PLCR.TA
CTPL1.TA,GPGB-M.TA
CTPL1.TA,ALMY.TA
CTPL1.TA,DANH.TA
CTPL1.TA,GOHO.TA
CTPL1.TA,NXSN.TA
CTPL1.TA,TOEN.TA
CTPL1.TA,FBRT.TA
CTPL5.TA,RTMD-L.TA
CTPL5.TA,BSEN.TA
CTPL5.TA,DANH.TA
CTPL5.TA,ASHO.TA
CTPL5.TA,TATT.TA
CTPL5.TA,UMH.TA
CTPL5.TA,CMER.TA
CTPL5.TA,TEVA.TA
CTPL5.TA,MNIF.TA
CTPL5.TA,NVPT.TA
CBI.TA,WATR.TA
CBI.TA,CNTC.TA
CBI.TA,ZOOZ.TA
CBI.TA,G107.TA
CBI.TA,PMVM.TA
CBI.TA,FEAT.TA
CBI.TA,BLITZ-M.TA
CBI.TA,ARTS.TA
CBI.TA,GOTO.TA
CBI.TA,SHMM.TA
CLIS.TA,MGDL.TA
CLIS.TA,ZMH.TA
CLIS.TA,NTGR.TA
CLIS.TA,GVYM.TA
CLIS.TA,LAHAV.TA
CLIS.TA,ONE.TA
CLIS.TA,ISCN.TA
CLIS.TA,BIG.TA
CLIS.TA,RMN.TA
CLIS.TA,LEVI.TA
CFX.TA,BULL-M.TA
CFX.TA,ELCO.TA
CFX.TA,TDRN.TA
CFX.TA,HAMAT.TA
CFX.TA,ALUMA.TA
CFX.TA,NTO.TA
CFX.TA,MLRN.TA
CFX.TA,NTML.TA
CFX.TA,ASHG.TA
CFX.TA,AMD.TA
CDEV.TA,NFTA.TA
CDEV.TA,TMRP.TA
CDEV.TA,FIBIH.TA
CDEV.TA,FIBI.TA
CDEV.TA,MZTF.TA
CDEV.TA,MMHD.TA
CDEV.TA,NWMD.TA
CDEV.TA,ESLT.TA
CDEV.TA,POLI.TA
CDEV.TA,JBNK.TA
CGEN.TA,PLUR.TA
CGEN.TA,IDMO.TA
CGEN.TA,YBRD.TA
CGEN.TA,HUMX.TA
CGEN.TA,ARTS.TA
CGEN.TA,HICN.TA
CGEN.TA,PHTM.TA
CGEN.TA,TIGI.TA
CGEN.TA,SHMM.TA
CGEN.TA,BIGT.TA
CMDR.TA,ONE.TA
CMDR.TA,SRFT.TA
CMDR.TA,LUDN.TA
CMDR.TA,PHOE.TA
CMDR.TA,EXPO.TA
CMDR.TA,DIMRI.TA
CMDR.TA,ALMA.TA
CMDR.TA,LUZN.TA
CMDR.TA,LUMI.TA
CMDR.TA,DUNI.TA
CNTL-M.TA,GNCL.TA
CNTL-M.TA,AQUA.TA
CNTL-M.TA,UPSL.TA
CNTL-M.TA,SVRT.TA
CNTL-M.TA,TRAN.TA
CNTL-M.TA,HICN.TA
CNTL-M.TA,SHMM.TA
CNTL-M.TA,WATR.TA
CNTL-M.TA,AILN.TA
CNTL-M.TA,NXFR.TA
CMCT.TA,NXTG.TA
CMCT.TA,PLNT.TA
CMCT.TA,HMGS.TA
CMCT.TA,MSVT.TA
CMCT.TA,TKUN.TA
CMCT.TA,MIFT.TA
CMCT.TA,FEAT.TA
CMCT.TA,PULS.TA
CMCT.TA,PMVM.TA
CMCT.TA,SEMG.TA
DANH.TA,UMH.TA
DANH.TA,RTMD-L.TA
DANH.TA,NXSN.TA
DANH.TA,ZNKL.TA
DANH.TA,NVPT.TA
DANH.TA,TEVA.TA
DANH.TA,QLTU.TA
DANH.TA,GOHO.TA
DANH.TA,ARYT.TA
DANH.TA,BSEN.TA
DANE.TA,GOTO.TA
DANE.TA,BCUR.TA
DANE.TA,TRX.TA
DANE.TA,NXTM.TA
DANE.TA,BKFR.TA
DANE.TA,BKRY.TA
DANE.TA,KSTN.TA
DANE.TA,PRMG.TA
DANE.TA,BLITZ-M.TA
DANE.TA,ACRO.TA
DNYA.TA,JBNK.TA
DNYA.TA,FIBIH.TA
DNYA.TA,FIBI.TA
DNYA.TA,MZTF.TA
DNYA.TA,CDEV.TA
DNYA.TA,NWMD.TA
DNYA.TA,PHOE.TA
DNYA.TA,ESLT.TA
DNYA.TA,EXPO.TA
DNYA.TA,NFTA.TA
DLEA.TA,RIMO.TA
DLEA.TA,ICL.TA
DLEA.TA,ILCO.TA
DLEA.TA,TOPS.TA
DLEA.TA,ASHG.TA
DLEA.TA,TDRN.TA
DLEA.TA,ETGA.TA
DLEA.TA,MNIN.TA
DLEA.TA,HAMAT.TA
DLEA.TA,SCOP.TA
DLEKG.TA,NWMD.TA
DLEKG.TA,ESLT.TA
DLEKG.TA,FIBIH.TA
DLEKG.TA,FIBI.TA
DLEKG.TA,MZTF.TA
DLEKG.TA,NFTA.TA
DLEKG.TA,CDEV.TA
DLEKG.TA,ORL.TA
DLEKG.TA,JBNK.TA
DLEKG.TA,POLI.TA
DLTI.TA,SAE.TA
DLTI.TA,YHNF.TA
DLTI.TA,SANO1.TA
DLTI.TA,ISCN.TA
DLTI.TA,KAFR.TA
DLTI.TA,CAST.TA
DLTI.TA,MNRT.TA
DLTI.TA,LBRA.TA
DLTI.TA,AZRG.TA
DLTI.TA,FGAS.TA
DELG.TA,ELCRE.TA
DELG.TA,DUNI.TA
DELG.TA,BOTI.TA
DELG.TA,ELMR.TA
DELG.TA,MVNE.TA
DELG.TA,ZMH.TA
DELG.TA,TIGBUR.TA
DELG.TA,RLCO.TA
DELG.TA,GVYM.TA
DELG.TA,ISRO.TA
DIMRI.TA,AFRE.TA
DIMRI.TA,ALMA.TA
DIMRI.TA,DUNI.TA
DIMRI.TA,SRFT.TA
DIMRI.TA,LUDN.TA
DIMRI.TA,EXPO.TA
DIMRI.TA,LUMI.TA
DIMRI.TA,LUZN.TA
DIMRI.TA,AZRM.TA
DIMRI.TA,DSCT.TA
DIPL.TA,OPAL.TA
DIPL.TA,SKBN.TA
DIPL.TA,SRAC.TA
DIPL.TA,BKRY.TA
DIPL.TA,MCLL.TA
DIPL.TA,SHGR.TA
DIPL.TA,SHOM.TA
DIPL.TA,SHAN.TA
DIPL.TA,DISI.TA
DIPL.TA,BRAM.TA
DIFI.TA,ZUR.TA
DIFI.TA,AMRK.TA
DIFI.TA,CAST.TA
DIFI.TA,SHNP.TA
DIFI.TA,MGOR.TA
DIFI.TA,HAMAT.TA
DIFI.TA,ELCO.TA
DIFI.TA,ALUMA.TA
DIFI.TA,HGG.TA
DIFI.TA,ILDC.TA
DSCT.TA,LUMI.TA
DSCT.TA,NAWI.TA
DSCT.TA,POLI.TA
DSCT.TA,MZTF.TA
DSCT.TA,PHOE.TA
DSCT.TA,EXPO.TA
DSCT.TA,MLSR.TA
DSCT.TA,JBNK.TA
DSCT.TA,DUNI.TA
DSCT.TA,FIBIH.TA
DISI.TA,G107.TA
DISI.TA,WATR.TA
DISI.TA,TRAN.TA
DISI.TA,JNGO.TA
DISI.TA,ALUMA.TA
DISI.TA,CILO.TA
DISI.TA,BLITZ-M.TA
DISI.TA,VRDS.TA
DISI.TA,TRX.TA
DISI.TA,CNTL-M.TA
DNA.TA,ALUMA.TA
DNA.TA,TRAN.TA
DNA.TA,ECP.TA
DNA.TA,BRMG.TA
DNA.TA,G107.TA
DNA.TA,BKRY.TA
DNA.TA,CNTL-M.TA
DNA.TA,WATR.TA
DNA.TA,DIPL.TA
DNA.TA,VRDS.TA
DRAL.TA,HAMAT.TA
DRAL.TA,MNIN.TA
DRAL.TA,HOD.TA
DRAL.TA,ILCO.TA
DRAL.TA,HMAM.TA
DRAL.TA,CRSR.TA
DRAL.TA,KEN.TA
DRAL.TA,ETGA.TA
DRAL.TA,NTML.TA
DRAL.TA,ICL.TA
DORL.TA,ARGO.TA
DORL.TA,ECNR.TA
DORL.TA,BKRY.TA
DORL.TA,SHOM.TA
DORL.TA,OPAL.TA
DORL.TA,ACCL.TA
DORL.TA,WESR.TA
DORL.TA,QNCO.TA
DORL.TA,DRSH.TA
DORL.TA,DIPL.TA
DRSH.TA,WESR.TA
DRSH.TA,ROTS.TA
DRSH.TA,BRAN.TA
DRSH.TA,CRSM.TA
DRSH.TA,LBRA.TA
DRSH.TA,SAE.TA
DRSH.TA,YHNF.TA
DRSH.TA,PAZ.TA
DRSH.TA,LUMI.TA
DRSH.TA,JCFN.TA
DUNI.TA,DIMRI.TA
DUNI.TA,LUMI.TA
DUNI.TA,DSCT.TA
DUNI.TA,ALMA.TA
DUNI.TA,EXPO.TA
DUNI.TA,ELMR.TA
DUNI.TA,NAWI.TA
DUNI.TA,DELG.TA
DUNI.TA,EQTL.TA
DUNI.TA,PHOE.TA
ECNR.TA,ACRO.TA
ECNR.TA,DORL.TA
ECNR.TA,BIG.TA
ECNR.TA,CAST.TA
ECNR.TA,ARGO.TA
ECNR.TA,BRKT.TA
ECNR.TA,AYAL.TA
ECNR.TA,KAFR.TA
ECNR.TA,SHOM.TA
ECNR.TA,DRSH.TA
ECPA-M.TA,BLITZ-M.TA
ELAL.TA,MNIF.TA
ELAL.TA,RTMD-L.TA
ELAL.TA,UMH.TA
ELAL.TA,NXSN.TA
ELAL.TA,GLRS.TA
ELAL.TA,ACKR.TA
ELAL.TA,TEVA.TA
ELAL.TA,GSFI.TA
ELAL.TA,BSEN.TA
ELAL.TA,LBRA.TA
ESLT.TA,NWMD.TA
ESLT.TA,FIBIH.TA
ESLT.TA,CDEV.TA
ESLT.TA,FIBI.TA
ESLT.TA,DLEKG.TA
ESLT.TA,NFTA.TA
ESLT.TA,MZTF.TA
ESLT.TA,TMRP.TA
ESLT.TA,JBNK.TA
ESLT.TA,EXPO.TA
ELCO.TA,NTO.TA
ELCO.TA,ALUMA.TA
ELCO.TA,MLRN.TA
ELCO.TA,BRMG.TA
ELCO.TA,ELTR.TA
ELCO.TA,VRDS.TA
ELCO.TA,RANI.TA
ELCO.TA,ECP.TA
ELCO.TA,NTML.TA
ELCO.TA,HAMAT.TA
ELTR.TA,ELCO.TA
ELTR.TA,CRSR.TA
ELTR.TA,ASHG.TA
ELTR.TA,SPEN.TA
ELTR.TA,LVPR.TA
ELTR.TA,NTO.TA
ELTR.TA,AFHL.TA
ELTR.TA,MLRN.TA
ELTR.TA,MCLL.TA
ELTR.TA,NTML.TA
ECP.TA,BRMG.TA
ECP.TA,ALUMA.TA
ECP.TA,VRDS.TA
ECP.TA,JNGO.TA
ECP.TA,G107.TA
ECP.TA,MLRN.TA
ECP.TA,NURI.TA
ECP.TA,ELCO.TA
ECP.TA,ICON.TA
ECP.TA,WATR.TA
ELCP.TA,FLYS.TA
ELCP.TA,AMD.TA
ELCP.TA,GUID.TA
ELCP.TA,SCC.TA
ELCP.TA,HMGS.TA
ELCP.TA,BULL-M.TA
ELCP.TA,NVLG.TA
ELCP.TA,MRG.TA
ELCP.TA,NURI.TA
ELCP.TA,BRAM.TA
ELCRE.TA,DELG.TA
ELCRE.TA,ALUMA.TA
ELCRE.TA,GVYM.TA
ELCRE.TA,MVNE.TA
ELCRE.TA,RLCO.TA
ELCRE.TA,ZMH.TA
ELCRE.TA,LAHAV.TA
ELCRE.TA,ISRO.TA
ELCRE.TA,LEVI.TA
ELCRE.TA,BOTI.TA
ELWS.TA,MAXO.TA
ELWS.TA,QLRD.TA
ELWS.TA,SPNTC.TA
ELWS.TA,RZR.TA
ELWS.TA,ALBA.TA
ELWS.TA,UMH.TA
ELWS.TA,VCTR.TA
ELWS.TA,GLTL.TA
ELWS.TA,NISA.TA
ELWS.TA,AUGN.TA
ELLO.TA,BRND.TA
ELLO.TA,ALUMA.TA
ELLO.TA,SNFL.TA
ELLO.TA,ADGR.TA
ELLO.TA,RANI.TA
ELLO.TA,ASGR.TA
ELLO.TA,ENDY.TA
ELLO.TA,MGRT.TA
ELLO.TA,BRMG.TA
ELLO.TA,MDPR.TA
ELMR.TA,DUNI.TA
ELMR.TA,DELG.TA
ELMR.TA,HOD.TA
ELMR.TA,SCOP.TA
ELMR.TA,LUMI.TA
ELMR.TA,RLCO.TA
ELMR.TA,MGDL.TA
ELMR.TA,ONE.TA
ELMR.TA,PHOE.TA
ELMR.TA,EXPO.TA
ELRN.TA,NXFR.TA
ELRN.TA,BKRY.TA
ELRN.TA,PMVM.TA
ELRN.TA,ALUMA.TA
ELRN.TA,TRX.TA
ELRN.TA,DISI.TA
ELRN.TA,KSTN.TA
ELRN.TA,PRMG.TA
ELRN.TA,G107.TA
ELRN.TA,TRAN.TA
ELSPC.TA,MNIF.TA
ELSPC.TA,TATT.TA
ELSPC.TA,NXSN.TA
ELSPC.TA,GLRS.TA
ELSPC.TA,ARYT.TA
ELSPC.TA,ASHO.TA
ELSPC.TA,CMER.TA
ELSPC.TA,NVPT.TA
ELSPC.TA,MISH.TA
ELSPC.TA,ACKR.TA
EMCO.TA,BONS.TA
EMCO.TA,BLITZ-M.TA
EMCO.TA,BCUR.TA
EMCO.TA,UNTC.TA
EMCO.TA,TRX.TA
EMCO.TA,AQUA.TA
EMCO.TA,TURB.TA
EMCO.TA,SMAG.TA
EMCO.TA,PMVM.TA
EMCO.TA,GOTO.TA
EMDV.TA,ARAN.TA
EMDV.TA,OVRS.TA
EMDV.TA,ORBI.TA
EMDV.TA,BRAN.TA
EMDV.TA,PHOE.TA
EMDV.TA,ONE.TA
EMDV.TA,CMDR.TA
EMDV.TA,TLSY.TA
EMDV.TA,JBNK.TA
EMDV.TA,BEZQ.TA
ENDY.TA,ICON.TA
ENDY.TA,ALUMA.TA
ENDY.TA,CNTL-M.TA
ENDY.TA,WATR.TA
ENDY.TA,G107.TA
ENDY.TA,HGGE.TA
ENDY.TA,PMNT.TA
ENDY.TA,ELLO.TA
ENDY.TA,NTO.TA
ENDY.TA,SFRN.TA
ENOG.TA,NWMD.TA
ENOG.TA,SNCM.TA
ENOG.TA,DLEKG.TA
ENOG.TA,TSEM.TA
ENOG.TA,FIBI.TA
ENOG.TA,PHOE.TA
ENOG.TA,FIBIH.TA
ENOG.TA,AMAN.TA
ENOG.TA,BEZQ.TA
ENOG.TA,TGI.TA
ENRG.TA,HIPR.TA
ENRG.TA,UMH.TA
ENRG.TA,NYAX.TA
ENRG.TA,SPNS.TA
ENRG.TA,NXSN.TA
ENRG.TA,PAYT.TA
ENRG.TA,TRLT.TA
ENLT.TA,RIMO.TA
ENLT.TA,RPAC.TA
ENLT.TA,ABRA.TA
ENLT.TA,TDRN.TA
ENLT.TA,SBEN.TA
ENLT.TA,FOX.TA
ENLT.TA,MGIC.TA
ENLT.TA,AMD.TA
ENLT.TA,ASHG.TA
ENLT.TA,TTAM.TA
ENLV.TA,ZOOZ.TA
ENLV.TA,NRGN.TA
ENLV.TA,ARTS.TA
ENLV.TA,HICN.TA
ENLV.TA,SPDV.TA
ENLV.TA,SVRT.TA
ENLV.TA,CNTC.TA
ENLV.TA,GNCL.TA
ENLV.TA,AQUA.TA
ENLV.TA,FEAT.TA
EPIT.TA,AVGL.TA
EPIT.TA,BOLT.TA
EPIT.TA,TTAM.TA
EPIT.TA,CILO.TA
EPIT.TA,SCC.TA
EPIT.TA,AZRT.TA
EPIT.TA,TRA.TA
EPIT.TA,BLGO.TA
EPIT.TA,CBI.TA
EPIT.TA,SVRT.TA
EQTL.TA,DUNI.TA
EQTL.TA,LUMI.TA
EQTL.TA,DSCT.TA
EQTL.TA,ALMA.TA
EQTL.TA,DIMRI.TA
EQTL.TA,NAWI.TA
EQTL.TA,DELG.TA
EQTL.TA,BOTI.TA
EQTL.TA,ROTS.TA
EQTL.TA,EXPO.TA
BCUR.TA,INTO.TA
BCUR.TA,SVRE.TA
BCUR.TA,ARTS.TA
BCUR.TA,BONS.TA
BCUR.TA,BVC.TA
BCUR.TA,GNCL.TA
BCUR.TA,STRG.TA
BCUR.TA,MCRNT.TA
BCUR.TA,NXTG.TA
BCUR.TA,GOTO.TA
ETGA.TA,GNRS.TA
ETGA.TA,HAMAT.TA
ETGA.TA,DLEA.TA
ETGA.TA,BULL-M.TA
ETGA.TA,DRAL.TA
ETGA.TA,TOPS.TA
ETGA.TA,OPCE.TA
ETGA.TA,NVLG.TA
ETGA.TA,NTML.TA
ETGA.TA,WLFD.TA
EVGN.TA,ARTS.TA
EVGN.TA,BIGT.TA
EVGN.TA,HUMX.TA
EVGN.TA,FEAT.TA
EVGN.TA,ZOOZ.TA
EVGN.TA,IDMO.TA
EVGN.TA,ARDM.TA
EVGN.TA,SHMM.TA
EVGN.TA,NRGN.TA
EVGN.TA,HICN.TA
EXPO.TA,LUMI.TA
EXPO.TA,LUDN.TA
EXPO.TA,DSCT.TA
EXPO.TA,JBNK.TA
EXPO.TA,MZTF.TA
EXPO.TA,FIBIH.TA
EXPO.TA,POLI.TA
EXPO.TA,SRFT.TA
EXPO.TA,FIBI.TA
EXPO.TA,PHOE.TA
FTAL.TA,BLSR.TA
FTAL.TA,ALMA.TA
FTAL.TA,ISRS.TA
FTAL.TA,MLSR.TA
FTAL.TA,KNFM.TA
FTAL.TA,NAWI.TA
FTAL.TA,SRFT.TA
FTAL.TA,AFRE.TA
FTAL.TA,PAZ.TA
FTAL.TA,EQTL.TA
FEAT.TA,ARTS.TA
FEAT.TA,WILK.TA
FEAT.TA,INFR-M.TA
FEAT.TA,PLUR.TA
FEAT.TA,BBLS.TA
FEAT.TA,BIGT.TA
FEAT.TA,HUMX.TA
FEAT.TA,NRGN.TA
FEAT.TA,HICN.TA
FEAT.TA,SEMG.TA
FIBI.TA,FIBIH.TA
FIBI.TA,MZTF.TA
FIBI.TA,JBNK.TA
FIBI.TA,POLI.TA
FIBI.TA,NFTA.TA
FIBI.TA,EXPO.TA
FIBI.TA,CDEV.TA
FIBI.TA,NWMD.TA
FIBI.TA,DSCT.TA
FIBI.TA,PHOE.TA
FIBIH.TA,FIBI.TA
FIBIH.TA,MZTF.TA
FIBIH.TA,JBNK.TA
FIBIH.TA,POLI.TA
FIBIH.TA,NFTA.TA
FIBIH.TA,EXPO.TA
FIBIH.TA,CDEV.TA
FIBIH.TA,DSCT.TA
FIBIH.TA,NWMD.TA
FIBIH.TA,MMHD.TA
FGAS.TA,SANO1.TA
FGAS.TA,DLTI.TA
FGAS.TA,PLRM.TA
FGAS.TA,BWAY.TA
FGAS.TA,SAE.TA
FGAS.TA,IMCO.TA
FGAS.TA,MEDN.TA
FGAS.TA,GSFI.TA
FGAS.TA,MISH.TA
FGAS.TA,RAVD.TA
FLYS.TA,SCC.TA
FLYS.TA,ELCP.TA
FLYS.TA,CNTC.TA
FLYS.TA,NXGN.TA
FLYS.TA,GNCL.TA
FLYS.TA,HICN.TA
FLYS.TA,AVER.TA
FLYS.TA,BLITZ-M.TA
FLYS.TA,PPBT.TA
FLYS.TA,CILO.TA
FBRT.TA,TMRP.TA
FBRT.TA,TOEN.TA
FBRT.TA,NXSN.TA
FBRT.TA,NFTA.TA
FBRT.TA,FIBIH.TA
FBRT.TA,CISY.TA
FBRT.TA,AURA.TA
FBRT.TA,HLMS.TA
FBRT.TA,CDEV.TA
FBRT.TA,FIBI.TA
FRSX.TA,ZOOZ.TA
FRSX.TA,ARTS.TA
FRSX.TA,BIGT.TA
FRSX.TA,SHMM.TA
FRSX.TA,SPDV.TA
FRSX.TA,IDMO.TA
FRSX.TA,FEAT.TA
FRSX.TA,NRGN.TA
FRSX.TA,TIGI.TA
FRSX.TA,BCUR.TA
FORTY.TA,MTRX.TA
FORTY.TA,ACRO.TA
FORTY.TA,ARGO.TA
FORTY.TA,POLP.TA
FORTY.TA,MEDN.TA
FORTY.TA,MCLL.TA
FORTY.TA,TRPZ.TA
FORTY.TA,DRSH.TA
FORTY.TA,KAFR.TA
FORTY.TA,MGOR.TA
FOX.TA,RMN.TA
FOX.TA,ALUMA.TA
FOX.TA,ASHG.TA
FOX.TA,HGG.TA
FOX.TA,RIMO.TA
FOX.TA,LAHAV.TA
FOX.TA,TTAM.TA
FOX.TA,TURB.TA
FOX.TA,TDRN.TA
FOX.TA,ICON.TA
FRDN.TA,JNGO.TA
FRDN.TA,CNTC.TA
FRDN.TA,WATR.TA
FRDN.TA,G107.TA
FRDN.TA,TRX.TA
FRDN.TA,PULS.TA
FRDN.TA,BRIH.TA
FRDN.TA,BRMG.TA
FRDN.TA,BLITZ-M.TA
FRDN.TA,VRDS.TA
GOSS.TA,RZR.TA
GOSS.TA,UMH.TA
GOSS.TA,GLTL.TA
GOSS.TA,NXSN.TA
GOSS.TA,QLRD.TA
GOSS.TA,MAXO.TA
GOSS.TA,ALAR.TA
GOSS.TA,ELWS.TA
GOSS.TA,GLRS.TA
GOSS.TA,THES.TA
GCT.TA,ALUMA.TA
GCT.TA,NSTR.TA
GCT.TA,G107.TA
GCT.TA,MLRN.TA
GCT.TA,HGGE.TA
GCT.TA,VRDS.TA
GCT.TA,ICON.TA
GCT.TA,WATR.TA
GCT.TA,TRAN.TA
GCT.TA,JNGO.TA
GPGB-M.TA,CTPL1.TA
GPGB-M.TA,ALMY.TA
GLTC.TA,NXFR.TA
GLTC.TA,GOTO.TA
GLTC.TA,G107.TA
GLTC.TA,MIA.TA
GLTC.TA,JNGO.TA
GLTC.TA,WATR.TA
GLTC.TA,HGGE.TA
GLTC.TA,ICON.TA
GLTC.TA,BKRY.TA
GLTC.TA,TRAN.TA
GMLA.TA,RZR.TA
GMLA.TA,PCBT.TA
GMLA.TA,RAYG-M.TA
GMLA.TA,QLRD.TA
GMLA.TA,PHTM.TA
GMLA.TA,BWAY.TA
GMLA.TA,THES.TA
GMLA.TA,ELWS.TA
GMLA.TA,UMH.TA
GMLA.TA,MAXO.TA
GSFI.TA,RTMD-L.TA
GSFI.TA,UMH.TA
GSFI.TA,LBRA.TA
GSFI.TA,PCBT.TA
GSFI.TA,MNIF.TA
GSFI.TA,DRSH.TA
GSFI.TA,MPRS.TA
GSFI.TA,SAE.TA
GSFI.TA,AVGD.TA
GSFI.TA,IMCO.TA
GAGR.TA,BULL-M.TA
GAGR.TA,VRDS.TA
GAGR.TA,TRA.TA
GAGR.TA,CILO.TA
GAGR.TA,UTRN.TA
GAGR.TA,MRG.TA
GAGR.TA,ININ.TA
GAGR.TA,AMX.TA
GAGR.TA,NURI.TA
GAGR.TA,JNGO.TA
GAON-M.TA,GAGR.TA
GAON-M.TA,AMD.TA
GAON-M.TA,PULS.TA
GAON-M.TA,BOLT.TA
GAON-M.TA,CILO.TA
GAON-M.TA,TRA.TA
GAON-M.TA,BULL-M.TA
GAON-M.TA,MRG.TA
GAON-M.TA,NURI.TA
GAON-M.TA,JNGO.TA
GVYM.TA,MVNE.TA
GVYM.TA,ZMH.TA
GVYM.TA,CLIS.TA
GVYM.TA,ELCRE.TA
GVYM.TA,DELG.TA
GVYM.TA,ISCN.TA
GVYM.TA,BIG.TA
GVYM.TA,NTGR.TA
GVYM.TA,AZRG.TA
GVYM.TA,SLARL.TA
GEFR.TA,TGTR.TA
GEFR.TA,GLTL.TA
GEFR.TA,SEMG.TA
GEFR.TA,DRSH.TA
GEFR.TA,YBRD.TA
GEFR.TA,IGLD.TA
GEFR.TA,NXTG.TA
GEFR.TA,HUMX.TA
GEFR.TA,CGEN.TA
GEFR.TA,UNCT.TA
GNCL.TA,AQUA.TA
GNCL.TA,BVC.TA
GNCL.TA,GOTO.TA
GNCL.TA,BLITZ-M.TA
GNCL.TA,CNTL-M.TA
GNCL.TA,LPSN.TA
GNCL.TA,SVRE.TA
GNCL.TA,AUGN.TA
GNCL.TA,BCUR.TA
GNCL.TA,WILK.TA
GNRS.TA,BULL-M.TA
GNRS.TA,ETGA.TA
GNRS.TA,GAGR.TA
GNRS.TA,UTRN.TA
GNRS.TA,OPCE.TA
GNRS.TA,MRG.TA
GNRS.TA,NVLG.TA
GNRS.TA,VRDS.TA
GNRS.TA,WLFD.TA
GNRS.TA,AMD.TA
GIBUI.TA,HGGE.TA
GIBUI.TA,TRAN.TA
GIBUI.TA,GOTO.TA
GIBUI.TA,CNTL-M.TA
GIBUI.TA,BKRY.TA
GIBUI.TA,BLITZ-M.TA
GIBUI.TA,ICON.TA
GIBUI.TA,WATR.TA
GIBUI.TA,G107.TA
GIBUI.TA,JNGO.TA
GILT.TA,BIGT.TA
GILT.TA,ARTS.TA
GILT.TA,FEAT.TA
GILT.TA,ZOOZ.TA
GILT.TA,NRGN.TA
GILT.TA,IDMO.TA
GILT.TA,SHMM.TA
GILT.TA,PHTM.TA
GILT.TA,TIGI.TA
GILT.TA,FRSX.TA
GLTL.TA,RZR.TA
GLTL.TA,QLRD.TA
GLTL.TA,UNCT.TA
GLTL.TA,SVRE.TA
GLTL.TA,WESR.TA
GLTL.TA,MAXO.TA
GLTL.TA,TGTR.TA
GLTL.TA,SEMG.TA
GLTL.TA,YBRD.TA
GLTL.TA,VCTR.TA
GNGR.TA,ALUMA.TA
GNGR.TA,SNEL.TA
GNGR.TA,MLRN.TA
GNGR.TA,RANI.TA
GNGR.TA,G107.TA
GNGR.TA,SHGR.TA
GNGR.TA,PTBL.TA
GNGR.TA,WATR.TA
GNGR.TA,CNTL-M.TA
GNGR.TA,VRDS.TA
GIX.TA,SCC.TA
GIX.TA,NURI.TA
GIX.TA,HMGS.TA
GIX.TA,JNGO.TA
GIX.TA,G107.TA
GIX.TA,ALUMA.TA
GIX.TA,NXFR.TA
GIX.TA,VRDS.TA
GIX.TA,WATR.TA
GIX.TA,ELCP.TA
GKL.TA,BKRY.TA
GKL.TA,PRMG.TA
GKL.TA,KSTN.TA
GKL.TA,DIPL.TA
GKL.TA,NXFR.TA
GKL.TA,MCLL.TA
GKL.TA,GCT.TA
GKL.TA,GOTO.TA
GKL.TA,PRIM.TA
GKL.TA,BRKT.TA
GLRS.TA,ARYT.TA
GLRS.TA,HLMS.TA
GLRS.TA,MMHD.TA
GLRS.TA,TOEN.TA
GLRS.TA,TATT.TA
GLRS.TA,MAXO.TA
GLRS.TA,NXSN.TA
GLRS.TA,TMRP.TA
GLRS.TA,NVPT.TA
GLRS.TA,AURA.TA
GOTO.TA,UPSL.TA
GOTO.TA,GNCL.TA
GOTO.TA,HICN.TA
GOTO.TA,INTO.TA
GOTO.TA,MIA.TA
GOTO.TA,MIFT.TA
GOTO.TA,AQUA.TA
GOTO.TA,WILK.TA
GOTO.TA,YBRD.TA
GOTO.TA,INFR-M.TA
GOLD.TA,ELMR.TA
GOLD.TA,SCOP.TA
GOLD.TA,RMLI.TA
GOLD.TA,HOD.TA
GOLD.TA,BEZQ.TA
GOLD.TA,MGDL.TA
GOLD.TA,TOPS.TA
GOLD.TA,ISHI.TA
GOLD.TA,SNCM.TA
GOLD.TA,PHOE.TA
GOHO.TA,IMCO.TA
GOHO.TA,DANH.TA
GOHO.TA,CMER.TA
GOHO.TA,NVPT.TA
GOHO.TA,PRTC.TA
GOHO.TA,ZNKL.TA
GOHO.TA,RAVD.TA
GOHO.TA,NXSN.TA
GOHO.TA,TOEN.TA
GOHO.TA,AURA.TA
GOLF.TA,TTAM.TA
GOLF.TA,ORON.TA
GOLF.TA,ECP.TA
GOLF.TA,TNPV.TA
GOLF.TA,FOX.TA
GOLF.TA,MRG.TA
GOLF.TA,SHNP.TA
GOLF.TA,BRMG.TA
GOLF.TA,JNGO.TA
GOLF.TA,G107.TA
G107.TA,NXFR.TA
G107.TA,SVRT.TA
G107.TA,WATR.TA
G107.TA,HICN.TA
G107.TA,MIFT.TA
G107.TA,PMVM.TA
G107.TA,INFR-M.TA
G107.TA,JNGO.TA
G107.TA,UPSL.TA
G107.TA,WILK.TA
GUID.TA,ELCP.TA
GUID.TA,HMGS.TA
GUID.TA,PLNT.TA
GUID.TA,CNZN.TA
GUID.TA,PULS.TA
GUID.TA,REKA.TA
GUID.TA,AMD.TA
GUID.TA,BHNY.TA
GUID.TA,BRAM.TA
GUID.TA,MRHL.TA
HGG.TA,SHNP.TA
HGG.TA,ASHG.TA
HGG.TA,PRSK.TA
HGG.TA,LAHAV.TA
HGG.TA,FOX.TA
HGG.TA,RMN.TA
HGG.TA,ALUMA.TA
HGG.TA,BIG.TA
HGG.TA,YBOX.TA
HGG.TA,AMRK.TA
HGGE.TA,TRAN.TA
HGGE.TA,GIBUI.TA
HGGE.TA,TTAM.TA
HGGE.TA,BLITZ-M.TA
HGGE.TA,WILK.TA
HGGE.TA,GLTC.TA
HGGE.TA,ICON.TA
HGGE.TA,SVRT.TA
HGGE.TA,DISI.TA
HGGE.TA,CNTL-M.TA
HMAM.TA,DRAL.TA
HMAM.TA,HAMAT.TA
HMAM.TA,ISRO.TA
HMAM.TA,HOD.TA
HMAM.TA,ILCO.TA
HMAM.TA,MNIN.TA
HMAM.TA,PTNR.TA
HMAM.TA,KEN.TA
HMAM.TA,SHNP.TA
HMAM.TA,ARIN.TA
MSBI.TA,DELG.TA
MSBI.TA,TFRLF.TA
MSBI.TA,MLSR.TA
MSBI.TA,GVYM.TA
MSBI.TA,AZRG.TA
MSBI.TA,ELCRE.TA
MSBI.TA,DIMRI.TA
MSBI.TA,TIGBUR.TA
MSBI.TA,SCOP.TA
MSBI.TA,MVNE.TA
HAMAT.TA,NTML.TA
HAMAT.TA,BULL-M.TA
HAMAT.TA,TDRN.TA
HAMAT.TA,ELCO.TA
HAMAT.TA,DRAL.TA
HAMAT.TA,NTO.TA
HAMAT.TA,ETGA.TA
HAMAT.TA,SPRG.TA
HAMAT.TA,ASHG.TA
HAMAT.TA,ILDC.TA
HARL.TA,MGDL.TA
HARL.TA,ONE.TA
HARL.TA,ROTS.TA
HARL.TA,CMDR.TA
HARL.TA,RLCO.TA
HARL.TA,BRAN.TA
HARL.TA,ELMR.TA
HARL.TA,LUZN.TA
HARL.TA,CLIS.TA
HARL.TA,PHOE.TA
HICN.TA,SVRT.TA
HICN.TA,G107.TA
HICN.TA,WATR.TA
HICN.TA,GOTO.TA
HICN.TA,MIFT.TA
HICN.TA,TGTR.TA
HICN.TA,AUGN.TA
HICN.TA,YBRD.TA
HICN.TA,SEMG.TA
HICN.TA,NRGN.TA
HLAN.TA,AFRE.TA
HLAN.TA,ALMA.TA
HLAN.TA,DIMRI.TA
HLAN.TA,CMDR.TA
HLAN.TA,AZRM.TA
HLAN.TA,SRFT.TA
HLAN.TA,ONE.TA
HLAN.TA,LUDN.TA
HLAN.TA,ORBI.TA
HLAN.TA,DUNI.TA
HIPR.TA,FBRT.TA
HIPR.TA,NXSN.TA
HIPR.TA,DANH.TA
HIPR.TA,TMRP.TA
HIPR.TA,ENRG.TA
HIPR.TA,PAYT.TA
HIPR.TA,NVMI.TA
HIPR.TA,CISY.TA
HIPR.TA,ALMY.TA
HIPR.TA,ALAR.TA
HRON.TA,RMLI.TA
HRON.TA,LUMI.TA
HRON.TA,ELMR.TA
HRON.TA,EXPO.TA
HRON.TA,EQTL.TA
HRON.TA,HOD.TA
HRON.TA,DUNI.TA
HRON.TA,SNCM.TA
HRON.TA,ALMA.TA
HRON.TA,ROTS.TA
HOD.TA,SCOP.TA
HOD.TA,ARIN.TA
HOD.TA,ISRO.TA
HOD.TA,ELMR.TA
HOD.TA,TOPS.TA
HOD.TA,ILCO.TA
HOD.TA,RLCO.TA
HOD.TA,ISTA.TA
HOD.TA,DELG.TA
HOD.TA,DRAL.TA
HLMS.TA,TMRP.TA
HLMS.TA,POLI.TA
HLMS.TA,MZTF.TA
HLMS.TA,GLRS.TA
HLMS.TA,CDEV.TA
HLMS.TA,MMHD.TA
HLMS.TA,FIBIH.TA
HLMS.TA,NFTA.TA
HLMS.TA,FIBI.TA
HLMS.TA,TOEN.TA
HMGS.TA,MRHL.TA
HMGS.TA,AMX.TA
HMGS.TA,PLNT.TA
HMGS.TA,AVGL.TA
HMGS.TA,NURI.TA
HMGS.TA,CNZN.TA
HMGS.TA,GIX.TA
HMGS.TA,BHNY.TA
HMGS.TA,PPBT.TA
HMGS.TA,SCC.TA
HUMX.TA,BBLS.TA
HUMX.TA,PLUR.TA
HUMX.TA,BIGT.TA
HUMX.TA,FEAT.TA
HUMX.TA,ARDM.TA
HUMX.TA,ARTS.TA
HUMX.TA,IDMO.TA
HUMX.TA,SHMM.TA
HUMX.TA,CGEN.TA
HUMX.TA,EVGN.TA
ICL.TA,ILCO.TA
ICL.TA,KEN.TA
ICL.TA,DLEA.TA
ICL.TA,SCOP.TA
ICL.TA,ARIN.TA
ICL.TA,ISRO.TA
ICL.TA,ISTA.TA
ICL.TA,HOD.TA
ICL.TA,TOPS.TA
ICL.TA,TDRN.TA
ICON.TA,HICN.TA
ICON.TA,G107.TA
ICON.TA,WATR.TA
ICON.TA,CNTL-M.TA
ICON.TA,UPSL.TA
ICON.TA,SVRT.TA
ICON.TA,PMVM.TA
ICON.TA,GNCL.TA
ICON.TA,MIA.TA
ICON.TA,BBLS.TA
IDNT.TA,PULS.TA
IDNT.TA,INFR-M.TA
IDNT.TA,PPBT.TA
IDNT.TA,CMCT.TA
IDNT.TA,YAAC.TA
IDNT.TA,REKA.TA
IDNT.TA,WILK.TA
IDNT.TA,CNZN.TA
IDNT.TA,SCC.TA
IDNT.TA,CBI.TA
IDIN.TA,MISH.TA
IDIN.TA,PLRM.TA
IDIN.TA,BLSR.TA
IDIN.TA,RAVD.TA
IDIN.TA,LBRA.TA
IDIN.TA,UMH.TA
IDIN.TA,AZRM.TA
IDIN.TA,GOHO.TA
IDIN.TA,TFRLF.TA
IDIN.TA,CMER.TA
IDMO.TA,SHMM.TA
IDMO.TA,STRG.TA
IDMO.TA,ARTS.TA
IDMO.TA,SVRE.TA
IDMO.TA,BIGT.TA
IDMO.TA,FRSX.TA
IDMO.TA,NXTG.TA
IDMO.TA,HUMX.TA
IDMO.TA,PLUR.TA
IDMO.TA,ALBA.TA
IES.TA,ASGR.TA
IES.TA,ASHG.TA
IES.TA,ELCRE.TA
IES.TA,ILCO.TA
IES.TA,ICL.TA
IES.TA,ISTA.TA
IES.TA,ALRPR.TA
IES.TA,AMOT.TA
IES.TA,MVNE.TA
IES.TA,SMT.TA
INTO.TA,BCUR.TA
INTO.TA,BLITZ-M.TA
INTO.TA,GOTO.TA
INTO.TA,UNTC.TA
INTO.TA,SPDV.TA
INTO.TA,KDST.TA
INTO.TA,CNTL-M.TA
INTO.TA,TURB.TA
INTO.TA,WATR.TA
INTO.TA,PRMG.TA
ILDR.TA,BKFR.TA
ILDR.TA,ISCN.TA
ILDR.TA,PRSK.TA
ILDR.TA,ELCRE.TA
ILDR.TA,SHNP.TA
ILDR.TA,ZMH.TA
ILDR.TA,NTGR.TA
ILDR.TA,BOTI.TA
ILDR.TA,KEN.TA
ILDR.TA,GVYM.TA
ILX.TA,ICON.TA
ILX.TA,CNTL-M.TA
ILX.TA,HGGE.TA
ILX.TA,TURB.TA
ILX.TA,G107.TA
ILX.TA,JNGO.TA
ILX.TA,ALUMA.TA
ILX.TA,MLRN.TA
ILX.TA,NURI.TA
ILX.TA,WATR.TA
ISI.TA,ECP.TA
ISI.TA,NSTR.TA
ISI.TA,KEN.TA
ISI.TA,ISTA.TA
ISI.TA,DISI.TA
ISI.TA,AUGN.TA
ISI.TA,GCT.TA
ISI.TA,NTO.TA
ISI.TA,NTML.TA
ISI.TA,PTBL.TA
IMCO.TA,UMH.TA
IMCO.TA,GOHO.TA
IMCO.TA,DANH.TA
IMCO.TA,RTMD-L.TA
IMCO.TA,MISH.TA
IMCO.TA,CMER.TA
IMCO.TA,NXSN.TA
IMCO.TA,IDIN.TA
IMCO.TA,MNIF.TA
IMCO.TA,TEVA.TA
IMED.TA,G107.TA
IMED.TA,JNGO.TA
IMED.TA,ALUMA.TA
IMED.TA,WATR.TA
IMED.TA,CNTC.TA
IMED.TA,GOTO.TA
IMED.TA,ICON.TA
IMED.TA,CNTL-M.TA
IMED.TA,BRIH.TA
IMED.TA,TRX.TA
INFR-M.TA,G107.TA
INFR-M.TA,FEAT.TA
INFR-M.TA,WATR.TA
INFR-M.TA,HICN.TA
INFR-M.TA,ARTS.TA
INFR-M.TA,GOTO.TA
INFR-M.TA,PMVM.TA
INFR-M.TA,JNGO.TA
INFR-M.TA,BLITZ-M.TA
INFR-M.TA,ZOOZ.TA
INRM.TA,DIPL.TA
INRM.TA,MCLL.TA
INRM.TA,PEN.TA
INRM.TA,MRG.TA
INRM.TA,WILC.TA
INRM.TA,KLIL.TA
INRM.TA,SHOM.TA
INRM.TA,MLTM.TA
INRM.TA,PRMG.TA
INRM.TA,AVIV.TA
ININ.TA,TRA.TA
ININ.TA,AMX.TA
ININ.TA,NXFR.TA
ININ.TA,VRDS.TA
ININ.TA,NURI.TA
ININ.TA,G107.TA
ININ.TA,JNGO.TA
ININ.TA,DISI.TA
ININ.TA,CILO.TA
ININ.TA,ALUMA.TA
INCR.TA,NXFR.TA
INCR.TA,JNGO.TA
INCR.TA,G107.TA
INCR.TA,PLCR.TA
INCR.TA,VRDS.TA
INCR.TA,HMGS.TA
INCR.TA,ALUMA.TA
INCR.TA,WATR.TA
INCR.TA,AMX.TA
INCR.TA,DIPL.TA
INTR.TA,BSEN.TA
INTR.TA,RTMD-L.TA
INTR.TA,QLTU.TA
INTR.TA,ASHO.TA
INTR.TA,TATT.TA
INTR.TA,CMER.TA
INTR.TA,ARYT.TA
INTR.TA,NVPT.TA
INTR.TA,TEVA.TA
INTR.TA,LBRA.TA
IGLD.TA,PMVM.TA
IGLD.TA,G107.TA
IGLD.TA,MSVT.TA
IGLD.TA,JNGO.TA
IGLD.TA,WATR.TA
IGLD.TA,CNTC.TA
IGLD.TA,GOTO.TA
IGLD.TA,ALUMA.TA
IGLD.TA,FEAT.TA
IGLD.TA,ICON.TA
ISCN.TA,NTGR.TA
ISCN.TA,BIG.TA
ISCN.TA,AFPR.TA
ISCN.TA,ZMH.TA
ISCN.TA,GVYM.TA
ISCN.TA,CAST.TA
ISCN.TA,LAHAV.TA
ISCN.TA,CLIS.TA
ISCN.TA,ILDR.TA
ISCN.TA,AZRM.TA
ILDC.TA,LVPR.TA
ILDC.TA,ADGR.TA
ILDC.TA,HAMAT.TA
ILDC.TA,ALUMA.TA
ILDC.TA,ASGR.TA
ILDC.TA,MSHR.TA
ILDC.TA,ASHG.TA
ILDC.TA,ZUR.TA
ILDC.TA,RIT1.TA
ILDC.TA,DRAL.TA
ISHI.TA,GOLD.TA
ISHI.TA,MCMN.TA
ISHI.TA,ICL.TA
ISHI.TA,ILCO.TA
ISHI.TA,SCOP.TA
ISHI.TA,SPEN.TA
ISHI.TA,HOD.TA
ISHI.TA,ARIN.TA
ISHI.TA,DRAL.TA
ISHI.TA,ELLO.TA
ISRG.TA,HLMS.TA
ISRG.TA,NWMD.TA
ISRG.TA,ESLT.TA
ISRG.TA,JBNK.TA
ISRG.TA,FIBI.TA
ISRG.TA,KNFM.TA
ISRG.TA,CDEV.TA
ISRG.TA,FIBIH.TA
ISRG.TA,DNYA.TA
ISRG.TA,KMDA.TA
ISRS.TA,BLSR.TA
ISRS.TA,MLSR.TA
ISRS.TA,ALMA.TA
ISRS.TA,POLI.TA
ISRS.TA,DSCT.TA
ISRS.TA,NAWI.TA
ISRS.TA,AFRE.TA
ISRS.TA,MZTF.TA
ISRS.TA,AZRM.TA
ISRS.TA,DUNI.TA
ISRO.TA,HOD.TA
ISRO.TA,SCOP.TA
ISRO.TA,ARIN.TA
ISRO.TA,ISTA.TA
ISRO.TA,DELG.TA
ISRO.TA,ILCO.TA
ISRO.TA,TOPS.TA
ISRO.TA,MVNE.TA
ISRO.TA,ELCRE.TA
ISRO.TA,BOTI.TA
ISTA.TA,ISRO.TA
ISTA.TA,ILCO.TA
ISTA.TA,SCOP.TA
ISTA.TA,HOD.TA
ISTA.TA,ICL.TA
ISTA.TA,ALRPR.TA
ISTA.TA,KEN.TA
ISTA.TA,ISI.TA
ISTA.TA,VTNA.TA
ISTA.TA,MVNE.TA
JCFN.TA,ALBA.TA
JCFN.TA,DRSH.TA
JCFN.TA,WESR.TA
JCFN.TA,BKFR.TA
JCFN.TA,BOTI.TA
JCFN.TA,BRKT.TA
JCFN.TA,VCTR.TA
JCFN.TA,ILDR.TA
JCFN.TA,PEN.TA
JCFN.TA,RLCO.TA
JBNK.TA,FIBIH.TA
JBNK.TA,FIBI.TA
JBNK.TA,MZTF.TA
JBNK.TA,EXPO.TA
JBNK.TA,PHOE.TA
JBNK.TA,DSCT.TA
JBNK.TA,POLI.TA
JBNK.TA,MMHD.TA
JBNK.TA,LUDN.TA
JBNK.TA,NAWI.TA
JNGO.TA,MRHL.TA
JNGO.TA,G107.TA
JNGO.TA,AMX.TA
JNGO.TA,NXFR.TA
JNGO.TA,TRA.TA
JNGO.TA,INFR-M.TA
JNGO.TA,HICN.TA
JNGO.TA,LEOF.TA
JNGO.TA,TKUN.TA
JNGO.TA,CILO.TA
KDST.TA,CNTL-M.TA
KDST.TA,SPDV.TA
KDST.TA,BCUR.TA
KDST.TA,INTO.TA
KDST.TA,BLITZ-M.TA
KDST.TA,PRMG.TA
KDST.TA,GOTO.TA
KDST.TA,PRIM.TA
KDST.TA,ICON.TA
KDST.TA,WATR.TA
KAFR.TA,CAST.TA
KAFR.TA,RMN.TA
KAFR.TA,YHNF.TA
KAFR.TA,BIG.TA
KAFR.TA,SHNP.TA
KAFR.TA,MGDL.TA
KAFR.TA,AMRK.TA
KAFR.TA,CLIS.TA
KAFR.TA,HGG.TA
KAFR.TA,DRSH.TA
KMDA.TA,GLRS.TA
KMDA.TA,CGEN.TA
KMDA.TA,PLUR.TA
KMDA.TA,UPSL.TA
KMDA.TA,ISRG.TA
KMDA.TA,IGLD.TA
KMDA.TA,YBRD.TA
KMDA.TA,NXSN.TA
KMDA.TA,TGTR.TA
KMDA.TA,MAXO.TA
KRDI.TA,ORON.TA
KRDI.TA,ACRO.TA
KRDI.TA,BRKT.TA
KRDI.TA,BKFR.TA
KRDI.TA,SHNP.TA
KRDI.TA,MCLL.TA
KRDI.TA,LAHAV.TA
KRDI.TA,PRMG.TA
KRDI.TA,AYAL.TA
KRDI.TA,KSTN.TA
KARE.TA,AZRM.TA
KARE.TA,DIMRI.TA
KARE.TA,AFRE.TA
KARE.TA,ZMH.TA
KARE.TA,DUNI.TA
KARE.TA,MGDL.TA
KARE.TA,ALMA.TA
KARE.TA,TFRLF.TA
KARE.TA,BLSR.TA
KARE.TA,LEVI.TA
KEN.TA,ILCO.TA
KEN.TA,ICL.TA
KEN.TA,ASHG.TA
KEN.TA,SHNP.TA
KEN.TA,ALUMA.TA
KEN.TA,ISTA.TA
KEN.TA,NTML.TA
KEN.TA,HAMAT.TA
KEN.TA,ELCRE.TA
KEN.TA,ISI.TA
KRUR.TA,CRML.TA
KRUR.TA,WILC.TA
KRUR.TA,UNTC.TA
KRUR.TA,SARN.TA
KRUR.TA,ZOOZ.TA
KRUR.TA,AUIS.TA
KRUR.TA,KSTN.TA
KRUR.TA,CLAB.TA
KRUR.TA,PRMG.TA
KRUR.TA,SPDV.TA
KSTN.TA,OPK.TA
KSTN.TA,GOTO.TA
KSTN.TA,PRMG.TA
KSTN.TA,CRML.TA
KSTN.TA,SHAN.TA
KSTN.TA,UPSL.TA
KSTN.TA,BKRY.TA
KSTN.TA,PEN.TA
KSTN.TA,SVRT.TA
KSTN.TA,MIA.TA
KLIL.TA,VRDS.TA
KLIL.TA,SHGR.TA
KLIL.TA,DIPL.TA
KLIL.TA,SKBN.TA
KLIL.TA,TRX.TA
KLIL.TA,DISI.TA
KLIL.TA,NXFR.TA
KLIL.TA,MGRT.TA
KLIL.TA,ALUMA.TA
KLIL.TA,GAGR.TA
KNFM.TA,HLMS.TA
KNFM.TA,FTAL.TA
KNFM.TA,PAZ.TA
KNFM.TA,MNIF.TA
KNFM.TA,NVPT.TA
KNFM.TA,RTMD-L.TA
KNFM.TA,ACKR.TA
KNFM.TA,AVIA.TA
KNFM.TA,BSEN.TA
KNFM.TA,ISRS.TA
LHIS.TA,CISY.TA
LHIS.TA,TMRP.TA
LHIS.TA,TOEN.TA
LHIS.TA,UNIT.TA
LHIS.TA,CAMT.TA
LHIS.TA,CDEV.TA
LHIS.TA,NXSN.TA
LHIS.TA,AURA.TA
LHIS.TA,NVMI.TA
LHIS.TA,NVPT.TA
LAHAV.TA,SHNP.TA
LAHAV.TA,RMN.TA
LAHAV.TA,CLIS.TA
LAHAV.TA,HGG.TA
LAHAV.TA,PRSK.TA
LAHAV.TA,ACRO.TA
LAHAV.TA,ALUMA.TA
LAHAV.TA,FOX.TA
LAHAV.TA,ELCRE.TA
LAHAV.TA,BIG.TA
LSCO.TA,GOTO.TA
LSCO.TA,BCUR.TA
LSCO.TA,UNTC.TA
LSCO.TA,SHMM.TA
LSCO.TA,ZOOZ.TA
LSCO.TA,PRIM.TA
LSCO.TA,INTO.TA
LSCO.TA,KSTN.TA
LSCO.TA,IDMO.TA
LSCO.TA,PRMG.TA
LUMI.TA,DSCT.TA
LUMI.TA,EXPO.TA
LUMI.TA,NAWI.TA
LUMI.TA,POLI.TA
LUMI.TA,DUNI.TA
LUMI.TA,CRSM.TA
LUMI.TA,LUDN.TA
LUMI.TA,SRFT.TA
LUMI.TA,DIMRI.TA
LUMI.TA,PHOE.TA
LEOF.TA,JNGO.TA
LEOF.TA,G107.TA
LEOF.TA,WATR.TA
LEOF.TA,NURI.TA
LEOF.TA,CNTC.TA
LEOF.TA,AMD.TA
LEOF.TA,VRDS.TA
LEOF.TA,BRIH.TA
LEOF.TA,BLITZ-M.TA
LEOF.TA,BOLT.TA
LEVI.TA,ZMH.TA
LEVI.TA,VILR.TA
LEVI.TA,MVNE.TA
LEVI.TA,BOTI.TA
LEVI.TA,DELG.TA
LEVI.TA,NTGR.TA
LEVI.TA,ELCRE.TA
LEVI.TA,CLIS.TA
LEVI.TA,KARE.TA
LEVI.TA,MGDL.TA
LVPR.TA,ILDC.TA
LVPR.TA,BLGO.TA
LVPR.TA,MSHR.TA
LVPR.TA,ELCO.TA
LVPR.TA,ALUMA.TA
LVPR.TA,ELTR.TA
LVPR.TA,ASGR.TA
LVPR.TA,ASHG.TA
LVPR.TA,ICON.TA
LVPR.TA,ADGR.TA
LBRA.TA,SAE.TA
LBRA.TA,LUMI.TA
LBRA.TA,BRAN.TA
LBRA.TA,EXPO.TA
LBRA.TA,WESR.TA
LBRA.TA,NAWI.TA
LBRA.TA,PCBT.TA
LBRA.TA,PAZ.TA
LBRA.TA,LUZN.TA
LBRA.TA,PLRM.TA
LPSN.TA,SPDV.TA
LPSN.TA,GNCL.TA
LPSN.TA,ZOOZ.TA
LPSN.TA,AQUA.TA
LPSN.TA,MIFT.TA
LPSN.TA,SVRE.TA
LPSN.TA,SMAG.TA
LPSN.TA,SHMM.TA
LPSN.TA,UNCT.TA
LPSN.TA,ARTS.TA
LODZ.TA,HAMAT.TA
LODZ.TA,TDRN.TA
LODZ.TA,ILDC.TA
LODZ.TA,ICL.TA
LODZ.TA,ILCO.TA
LODZ.TA,NTML.TA
LODZ.TA,BULL-M.TA
LODZ.TA,SPRG.TA
LODZ.TA,ELCO.TA
LODZ.TA,CFX.TA
LUDN.TA,SRFT.TA
LUDN.TA,EXPO.TA
LUDN.TA,PHOE.TA
LUDN.TA,DIMRI.TA
LUDN.TA,MMHD.TA
LUDN.TA,CMDR.TA
LUDN.TA,POLI.TA
LUDN.TA,CRSM.TA
LUDN.TA,LUMI.TA
LUDN.TA,MZTF.TA
LUZN.TA,SRFT.TA
LUZN.TA,DIMRI.TA
LUZN.TA,AFRE.TA
LUZN.TA,LUDN.TA
LUZN.TA,CMDR.TA
LUZN.TA,ALMA.TA
LUZN.TA,BRAN.TA
LUZN.TA,LUMI.TA
LUZN.TA,PHOE.TA
LUZN.TA,HARL.TA
MGIC.TA,AMD.TA
MGIC.TA,MLRN.TA
MGIC.TA,G107.TA
MGIC.TA,JNGO.TA
MGIC.TA,ORIN.TA
MGIC.TA,WATR.TA
MGIC.TA,NURI.TA
MGIC.TA,BULL-M.TA
MGIC.TA,VRDS.TA
MGIC.TA,ECP.TA
MLTM.TA,BLITZ-M.TA
MLTM.TA,PRMG.TA
MLTM.TA,AFHL.TA
MLTM.TA,DIPL.TA
MLTM.TA,TRX.TA
MLTM.TA,JNGO.TA
MLTM.TA,G107.TA
MLTM.TA,BRIH.TA
MLTM.TA,TURB.TA
MLTM.TA,BKRY.TA
MSLA.TA,KARE.TA
MSLA.TA,NTGR.TA
MSLA.TA,CLIS.TA
MSLA.TA,TFRLF.TA
MSLA.TA,ZMH.TA
MSLA.TA,ISCN.TA
MSLA.TA,MGDL.TA
MSLA.TA,VILR.TA
MSLA.TA,GVYM.TA
MSLA.TA,DELG.TA
MSVT.TA,INFR-M.TA
MSVT.TA,HICN.TA
MSVT.TA,WILK.TA
MSVT.TA,PMVM.TA
MSVT.TA,SVRT.TA
MSVT.TA,JNGO.TA
MSVT.TA,IGLD.TA
MSVT.TA,UPSL.TA
MSVT.TA,WATR.TA
MSVT.TA,MIFT.TA
MTLF.TA,ICON.TA
MTLF.TA,BLITZ-M.TA
MTLF.TA,CNTL-M.TA
MTLF.TA,WATR.TA
MTLF.TA,G107.TA
MTLF.TA,TRX.TA
MTLF.TA,BCUR.TA
MTLF.TA,BRIH.TA
MTLF.TA,SVRT.TA
MTLF.TA,SFRN.TA
MTRX.TA,FORTY.TA
MTRX.TA,CLIS.TA
MTRX.TA,HLAN.TA
MTRX.TA,ONE.TA
MTRX.TA,MEDN.TA
MTRX.TA,SANO1.TA
MTRX.TA,MGDL.TA
MTRX.TA,NTGR.TA
MTRX.TA,POLP.TA
MTRX.TA,ZMH.TA
MAXO.TA,ELWS.TA
MAXO.TA,GLRS.TA
MAXO.TA,GLTL.TA
MAXO.TA,UMH.TA
MAXO.TA,LBRA.TA
MAXO.TA,RZR.TA
MAXO.TA,QLRD.TA
MAXO.TA,SPNTC.TA
MAXO.TA,DRSH.TA
MAXO.TA,VCTR.TA
MTRN.TA,ARF.TA
MTRN.TA,NURI.TA
MTRN.TA,ZPRS.TA
MTRN.TA,PULS.TA
MTRN.TA,CLAB.TA
MTRN.TA,BLITZ-M.TA
MTRN.TA,WATR.TA
MTRN.TA,CNTC.TA
MTRN.TA,HMGS.TA
MTRN.TA,AUIS.TA
MDPR.TA,ELLO.TA
MDPR.TA,ILDC.TA
MDPR.TA,ALUMA.TA
MDPR.TA,ASHG.TA
MDPR.TA,YBOX.TA
MDPR.TA,ADGR.TA
MDPR.TA,ELCO.TA
MDPR.TA,RANI.TA
MDPR.TA,HAMAT.TA
MDPR.TA,ACRO.TA
MPRS.TA,BSEN.TA
MPRS.TA,RTMD-L.TA
MPRS.TA,GSFI.TA
MPRS.TA,NVPT.TA
MPRS.TA,QLTU.TA
MPRS.TA,MISH.TA
MPRS.TA,POLI.TA
MPRS.TA,TATT.TA
MPRS.TA,TEVA.TA
MPRS.TA,ZNKL.TA
MDTR.TA,SLARL.TA
MDTR.TA,AZRG.TA
MDTR.TA,MNRT.TA
MDTR.TA,BIG.TA
MDTR.TA,RIT1.TA
MDTR.TA,FTAL.TA
MDTR.TA,CLIS.TA
MDTR.TA,BLSR.TA
MDTR.TA,ARPT.TA
MDTR.TA,GVYM.TA
MGOR.TA,ARGO.TA
MGOR.TA,BIG.TA
MGOR.TA,HGG.TA
MGOR.TA,CAST.TA
MGOR.TA,TRPZ.TA
MGOR.TA,ACRO.TA
MGOR.TA,SHNP.TA
MGOR.TA,DIFI.TA
MGOR.TA,ISCN.TA
MGOR.TA,LAHAV.TA
MEDN.TA,ISCN.TA
MEDN.TA,SANO1.TA
MEDN.TA,AFPR.TA
MEDN.TA,BIG.TA
MEDN.TA,NTGR.TA
MEDN.TA,FORTY.TA
MEDN.TA,ACRO.TA
MEDN.TA,CAST.TA
MEDN.TA,POLP.TA
MEDN.TA,ILDR.TA
MLSR.TA,DSCT.TA
MLSR.TA,NAWI.TA
MLSR.TA,DUNI.TA
MLSR.TA,ALMA.TA
MLSR.TA,PHOE.TA
MLSR.TA,LUMI.TA
MLSR.TA,POLI.TA
MLSR.TA,BLSR.TA
MLSR.TA,ISRS.TA
MLSR.TA,DIMRI.TA
MNIN.TA,CRSR.TA
MNIN.TA,DRAL.TA
MNIN.TA,HOD.TA
MNIN.TA,DLEA.TA
MNIN.TA,RPAC.TA
MNIN.TA,RLCO.TA
MNIN.TA,TOPS.TA
MNIN.TA,ASHG.TA
MNIN.TA,KEN.TA
MNIN.TA,RIMO.TA
MNIF.TA,ELAL.TA
MNIF.TA,RTMD-L.TA
MNIF.TA,PCBT.TA
MNIF.TA,UMH.TA
MNIF.TA,ACKR.TA
MNIF.TA,MISH.TA
MNIF.TA,PAYT.TA
MNIF.TA,AVGD.TA
MNIF.TA,ELSPC.TA
MNIF.TA,LBRA.TA
MNRT.TA,AZRG.TA
MNRT.TA,BIG.TA
MNRT.TA,AFPR.TA
MNRT.TA,SLARL.TA
MNRT.TA,LBRA.TA
MNRT.TA,BLSR.TA
MNRT.TA,ISCN.TA
MNRT.TA,MDTR.TA
MNRT.TA,GVYM.TA
MNRT.TA,RIT1.TA
MMHD.TA,POLI.TA
MMHD.TA,LUDN.TA
MMHD.TA,MZTF.TA
MMHD.TA,SRFT.TA
MMHD.TA,AURA.TA
MMHD.TA,AFRE.TA
MMHD.TA,FIBIH.TA
MMHD.TA,EXPO.TA
MMHD.TA,FIBI.TA
MMHD.TA,NFTA.TA
CMER.TA,TATT.TA
CMER.TA,NVPT.TA
CMER.TA,ASHO.TA
CMER.TA,ZNKL.TA
CMER.TA,QLTU.TA
CMER.TA,AURA.TA
CMER.TA,ARYT.TA
CMER.TA,BSEN.TA
CMER.TA,TOEN.TA
CMER.TA,RTMD-L.TA
MRHL.TA,JNGO.TA
MRHL.TA,G107.TA
MRHL.TA,NXFR.TA
MRHL.TA,PMVM.TA
MRHL.TA,WATR.TA
MRHL.TA,HMGS.TA
MRHL.TA,AQUA.TA
MRHL.TA,GNCL.TA
MRHL.TA,BLITZ-M.TA
MRHL.TA,PLNT.TA
MSKE.TA,FLYS.TA
MSKE.TA,ARF.TA
MSKE.TA,AMD.TA
MSKE.TA,ZPRS.TA
MSKE.TA,CLAB.TA
MSKE.TA,STRS.TA
MSKE.TA,BIOV.TA
MSKE.TA,ARAD.TA
MSKE.TA,SARN.TA
MSKE.TA,MTRN.TA
MGRT.TA,ALHE.TA
MGRT.TA,ALUMA.TA
MGRT.TA,MLRN.TA
MGRT.TA,VRDS.TA
MGRT.TA,ZUR.TA
MGRT.TA,AZRT.TA
MGRT.TA,MCLL.TA
MGRT.TA,DIPL.TA
MGRT.TA,G107.TA
MGRT.TA,NURI.TA
MIA.TA,GOTO.TA
MIA.TA,PMVM.TA
MIA.TA,CNTL-M.TA
MIA.TA,NXFR.TA
MIA.TA,G107.TA
MIA.TA,ICON.TA
MIA.TA,WATR.TA
MIA.TA,GLTC.TA
MIA.TA,UNTC.TA
MIA.TA,AQUA.TA
MCLL.TA,OPAL.TA
MCLL.TA,DIPL.TA
MCLL.TA,SRAC.TA
MCLL.TA,PRMG.TA
MCLL.TA,MLRN.TA
MCLL.TA,SHOM.TA
MCLL.TA,MGRT.TA
MCLL.TA,SEMG.TA
MCLL.TA,VRDS.TA
MCLL.TA,SKBN.TA
MCMN.TA,HOD.TA
MCMN.TA,SCOP.TA
MCMN.TA,GOLD.TA
MCMN.TA,ELMR.TA
MCMN.TA,ACRO.TA
MCMN.TA,SNCM.TA
MCMN.TA,ISHI.TA
MCMN.TA,RLCO.TA
MCMN.TA,ISTA.TA
MCMN.TA,ELLO.TA
MCRNT.TA,BCUR.TA
MCRNT.TA,CNTL-M.TA
MCRNT.TA,SPDV.TA
MCRNT.TA,SHMM.TA
MCRNT.TA,BLITZ-M.TA
MCRNT.TA,IDMO.TA
MCRNT.TA,GOTO.TA
MCRNT.TA,WATR.TA
MCRNT.TA,TRX.TA
MCRNT.TA,ICON.TA
MGDL.TA,ONE.TA
MGDL.TA,HARL.TA
MGDL.TA,CLIS.TA
MGDL.TA,RLCO.TA
MGDL.TA,ZMH.TA
MGDL.TA,ELMR.TA
MGDL.TA,DUNI.TA
MGDL.TA,DELG.TA
MGDL.TA,CMDR.TA
MGDL.TA,NTGR.TA
MIFT.TA,G107.TA
MIFT.TA,WATR.TA
MIFT.TA,HICN.TA
MIFT.TA,PMVM.TA
MIFT.TA,SEMG.TA
MIFT.TA,GOTO.TA
MIFT.TA,YBRD.TA
MIFT.TA,AUGN.TA
MIFT.TA,ZOOZ.TA
MIFT.TA,GNCL.TA
MSHR.TA,ALUMA.TA
MSHR.TA,CNTL-M.TA
MSHR.TA,ICON.TA
MSHR.TA,ADGR.TA
MSHR.TA,HGGE.TA
MSHR.TA,SFRN.TA
MSHR.TA,TURB.TA
MSHR.TA,LVPR.TA
MSHR.TA,ZUR.TA
MSHR.TA,ILDC.TA
MVNE.TA,SLARL.TA
MVNE.TA,GVYM.TA
MVNE.TA,VTNA.TA
MVNE.TA,AMOT.TA
MVNE.TA,DELG.TA
MVNE.TA,ELCRE.TA
MVNE.TA,RIT1.TA
MVNE.TA,LEVI.TA
MVNE.TA,ISRO.TA
MVNE.TA,ZMH.TA
MISH.TA,UMH.TA
MISH.TA,PLRM.TA
MISH.TA,RTMD-L.TA
MISH.TA,IDIN.TA
MISH.TA,NVPT.TA
MISH.TA,NVMI.TA
MISH.TA,CMER.TA
MISH.TA,TATT.TA
MISH.TA,PRTC.TA
MISH.TA,MNIF.TA
MZTF.TA,FIBIH.TA
MZTF.TA,FIBI.TA
MZTF.TA,POLI.TA
MZTF.TA,JBNK.TA
MZTF.TA,DSCT.TA
MZTF.TA,EXPO.TA
MZTF.TA,MMHD.TA
MZTF.TA,NFTA.TA
MZTF.TA,LUDN.TA
MZTF.TA,PHOE.TA
MLRN.TA,ALHE.TA
MLRN.TA,ALUMA.TA
MLRN.TA,G107.TA
MLRN.TA,AZRT.TA
MLRN.TA,RANI.TA
MLRN.TA,VRDS.TA
MLRN.TA,ELCO.TA
MLRN.TA,BRMG.TA
MLRN.TA,MGRT.TA
MLRN.TA,JNGO.TA
MRG.TA,WLFD.TA
MRG.TA,ORIN.TA
MRG.TA,UTRN.TA
MRG.TA,GAGR.TA
MRG.TA,ELCP.TA
MRG.TA,BULL-M.TA
MRG.TA,TNPV.TA
MRG.TA,NVLG.TA
MRG.TA,SCC.TA
MRG.TA,VRDS.TA
MYDS.TA,AMD.TA
MYDS.TA,NURI.TA
MYDS.TA,PULS.TA
MYDS.TA,ORIN.TA
MYDS.TA,JNGO.TA
MYDS.TA,ECP.TA
MYDS.TA,BULL-M.TA
MYDS.TA,GAON-M.TA
MYDS.TA,APLP.TA
MYDS.TA,BRMG.TA
NFTA.TA,CDEV.TA
NFTA.TA,FIBIH.TA
NFTA.TA,FIBI.TA
NFTA.TA,TMRP.TA
NFTA.TA,MZTF.TA
NFTA.TA,POLI.TA
NFTA.TA,AURA.TA
NFTA.TA,MMHD.TA
NFTA.TA,NWMD.TA
NFTA.TA,EXPO.TA
NVPT.TA,TATT.TA
NVPT.TA,AURA.TA
NVPT.TA,QLTU.TA
NVPT.TA,CMER.TA
NVPT.TA,ASHO.TA
NVPT.TA,ZNKL.TA
NVPT.TA,TOEN.TA
NVPT.TA,BSEN.TA
NVPT.TA,ARYT.TA
NVPT.TA,NXSN.TA
NAWI.TA,DSCT.TA
NAWI.TA,LUMI.TA
NAWI.TA,POLI.TA
NAWI.TA,CRSM.TA
NAWI.TA,MLSR.TA
NAWI.TA,PHOE.TA
NAWI.TA,EXPO.TA
NAWI.TA,LUDN.TA
NAWI.TA,SRFT.TA
NAWI.TA,DUNI.TA
NYAX.TA,GLTL.TA
NYAX.TA,SOFW.TA
NYAX.TA,UMH.TA
NYAX.TA,TRLT.TA
NYAX.TA,MAXO.TA
NYAX.TA,ELWS.TA
NYAX.TA,QLRD.TA
NYAX.TA,HIPR.TA
NYAX.TA,GLRS.TA
NYAX.TA,RZR.TA
NTGR.TA,ZMH.TA
NTGR.TA,ISCN.TA
NTGR.TA,CLIS.TA
NTGR.TA,PRSK.TA
NTGR.TA,MGDL.TA
NTGR.TA,LEVI.TA
NTGR.TA,GVYM.TA
NTGR.TA,RMN.TA
NTGR.TA,LAHAV.TA
NTGR.TA,KARE.TA
NTNB.TA,ECP.TA
NTNB.TA,FOX.TA
NTNB.TA,ISTA.TA
NTNB.TA,SCOP.TA
NTNB.TA,ZOOZ.TA
NTNB.TA,ISI.TA
NTNB.TA,ALRPR.TA
NTNB.TA,SNCM.TA
NTNB.TA,RPAC.TA
NTNB.TA,HIPR.TA
NTO.TA,NTML.TA
NTO.TA,ALUMA.TA
NTO.TA,ELCO.TA
NTO.TA,BRMG.TA
NTO.TA,HAMAT.TA
NTO.TA,G107.TA
NTO.TA,RANI.TA
NTO.TA,MLRN.TA
NTO.TA,AMRK.TA
NTO.TA,VRDS.TA
NTML.TA,NTO.TA
NTML.TA,HAMAT.TA
NTML.TA,ELCO.TA
NTML.TA,ALUMA.TA
NTML.TA,KEN.TA
NTML.TA,BULL-M.TA
NTML.TA,ISI.TA
NTML.TA,CFX.TA
NTML.TA,DRAL.TA
NTML.TA,AMRK.TA
NWMD.TA,DLEKG.TA
NWMD.TA,FIBI.TA
NWMD.TA,ESLT.TA
NWMD.TA,FIBIH.TA
NWMD.TA,MZTF.TA
NWMD.TA,CDEV.TA
NWMD.TA,NFTA.TA
NWMD.TA,JBNK.TA
NWMD.TA,POLI.TA
NWMD.TA,DSCT.TA
NXSN.TA,TOEN.TA
NXSN.TA,ARYT.TA
NXSN.TA,CAMT.TA
NXSN.TA,NVMI.TA
NXSN.TA,TMRP.TA
NXSN.TA,NVPT.TA
NXSN.TA,AURA.TA
NXSN.TA,QLTU.TA
NXSN.TA,UNIT.TA
NXSN.TA,TEVA.TA
NXTG.TA,ARTS.TA
NXTG.TA,ZOOZ.TA
NXTG.TA,SHMM.TA
NXTG.TA,IDMO.TA
NXTG.TA,FEAT.TA
NXTG.TA,AQUA.TA
NXTG.TA,GNCL.TA
NXTG.TA,BIGT.TA
NXTG.TA,UNCT.TA
NXTG.TA,MIFT.TA
NXTM.TA,GOTO.TA
NXTM.TA,DANE.TA
NXTM.TA,BKRY.TA
NXTM.TA,BCUR.TA
NXTM.TA,BKFR.TA
NXTM.TA,TRAN.TA
NXTM.TA,KSTN.TA
NXTM.TA,PMVM.TA
NXTM.TA,ELRN.TA
NXTM.TA,UNTC.TA
NXFR.TA,G107.TA
NXFR.TA,ALUMA.TA
NXFR.TA,WATR.TA
NXFR.TA,BHNY.TA
NXFR.TA,JNGO.TA
NXFR.TA,MRHL.TA
NXFR.TA,CNTL-M.TA
NXFR.TA,TKUN.TA
NXFR.TA,AMX.TA
NXFR.TA,AVGL.TA
NXGN.TA,ZOOZ.TA
NXGN.TA,ARTS.TA
NXGN.TA,SHMM.TA
NXGN.TA,FEAT.TA
NXGN.TA,BIGT.TA
NXGN.TA,SPDV.TA
NXGN.TA,FLYS.TA
NXGN.TA,IDMO.TA
NXGN.TA,TIGI.TA
NXGN.TA,NRGN.TA
NICE.TA,MTRN.TA
NICE.TA,ARF.TA
NICE.TA,SPDV.TA
NICE.TA,NXTM.TA
NICE.TA,BCUR.TA
NICE.TA,SARN.TA
NICE.TA,SMAG.TA
NICE.TA,GNCL.TA
NICE.TA,DANE.TA
NICE.TA,YAAC.TA
NISA.TA,SPNTC.TA
NISA.TA,BKRY.TA
NISA.TA,PRIM.TA
NISA.TA,AQUA.TA
NISA.TA,MIFT.TA
NISA.TA,ALBA.TA
NISA.TA,SHAN.TA
NISA.TA,GNCL.TA
NISA.TA,SVRE.TA
NISA.TA,GOTO.TA
NOFR.TA,CRSR.TA
NOFR.TA,RPAC.TA
NOFR.TA,SBEN.TA
NOFR.TA,OPCE.TA
NOFR.TA,ENLT.TA
NOFR.TA,CEL.TA
NOFR.TA,GNRS.TA
NSTR.TA,GCT.TA
NSTR.TA,ALUMA.TA
NSTR.TA,MLRN.TA
NSTR.TA,ISI.TA
NSTR.TA,VRDS.TA
NSTR.TA,ICON.TA
NSTR.TA,CNTL-M.TA
NSTR.TA,GKL.TA
NSTR.TA,G107.TA
NSTR.TA,ELLO.TA
NVMI.TA,PRTC.TA
NVMI.TA,CAMT.TA
NVMI.TA,NXSN.TA
NVMI.TA,AURA.TA
NVMI.TA,QLTU.TA
NVMI.TA,NVPT.TA
NVMI.TA,UNIT.TA
NVMI.TA,TMRP.TA
NVMI.TA,ASHO.TA
NVMI.TA,TOEN.TA
NVLG.TA,VRDS.TA
NVLG.TA,BULL-M.TA
NVLG.TA,AZRT.TA
NVLG.TA,ELCP.TA
NVLG.TA,MRG.TA
NVLG.TA,MLRN.TA
NVLG.TA,PLCR.TA
NVLG.TA,WLFD.TA
NVLG.TA,NURI.TA
NVLG.TA,AMD.TA
NRGN.TA,WILK.TA
NRGN.TA,HICN.TA
NRGN.TA,FEAT.TA
NRGN.TA,ARTS.TA
NRGN.TA,ZOOZ.TA
NRGN.TA,SVRT.TA
NRGN.TA,BBLS.TA
NRGN.TA,FRSX.TA
NRGN.TA,SEMG.TA
NRGN.TA,PLUR.TA
NURI.TA,CILO.TA
NURI.TA,GIX.TA
NURI.TA,HMGS.TA
NURI.TA,AZRT.TA
NURI.TA,G107.TA
NURI.TA,BOLT.TA
NURI.TA,LEOF.TA
NURI.TA,WATR.TA
NURI.TA,ININ.TA
NURI.TA,JNGO.TA
ORTC.TA,AMD.TA
ORTC.TA,NURI.TA
ORTC.TA,BULL-M.TA
ORTC.TA,FLYS.TA
ORTC.TA,ELCP.TA
ORTC.TA,AZRT.TA
ORTC.TA,PULS.TA
ORTC.TA,CILO.TA
ORTC.TA,CLAB.TA
ORTC.TA,AUIS.TA
ONE.TA,MGDL.TA
ONE.TA,CMDR.TA
ONE.TA,HARL.TA
ONE.TA,DIMRI.TA
ONE.TA,PHOE.TA
ONE.TA,DUNI.TA
ONE.TA,ELMR.TA
ONE.TA,CLIS.TA
ONE.TA,ALMA.TA
ONE.TA,ZMH.TA
OPAL.TA,DIPL.TA
OPAL.TA,SRAC.TA
OPAL.TA,MCLL.TA
OPAL.TA,VRDS.TA
OPAL.TA,ALUMA.TA
OPAL.TA,BKRY.TA
OPAL.TA,NXFR.TA
OPAL.TA,BRND.TA
OPAL.TA,PRMG.TA
OPAL.TA,SHOM.TA
OPCE.TA,GNRS.TA
OPCE.TA,ETGA.TA
OPCE.TA,CRSR.TA
OPCE.TA,BULL-M.TA
OPCE.TA,UTRN.TA
OPCE.TA,MRG.TA
OPCE.TA,HAMAT.TA
OPCE.TA,CFX.TA
OPCE.TA,NVLG.TA
OPCE.TA,ELCO.TA
OPK.TA,GNCL.TA
OPK.TA,AQUA.TA
OPK.TA,KSTN.TA
OPK.TA,NXFR.TA
OPK.TA,SVRT.TA
OPK.TA,GOTO.TA
OPK.TA,HICN.TA
OPK.TA,CNTL-M.TA
OPK.TA,PRMG.TA
OPK.TA,G107.TA
ORAD.TA,ARGO.TA
ORAD.TA,ECNR.TA
ORAD.TA,DLTI.TA
ORAD.TA,BIG.TA
ORAD.TA,MGOR.TA
ORAD.TA,AZRG.TA
ORAD.TA,TRPZ.TA
ORAD.TA,CAST.TA
ORAD.TA,POLP.TA
ORAD.TA,AFPR.TA
ORMP.TA,SPDV.TA
ORMP.TA,BCUR.TA
ORMP.TA,TRX.TA
ORMP.TA,MTLF.TA
ORMP.TA,CNTC.TA
ORMP.TA,BONS.TA
ORMP.TA,BLITZ-M.TA
ORMP.TA,PRMG.TA
ORMP.TA,WATR.TA
ORMP.TA,BRIH.TA
ORBI.TA,LUDN.TA
ORBI.TA,AFRE.TA
ORBI.TA,PHOE.TA
ORBI.TA,DIMRI.TA
ORBI.TA,SRFT.TA
ORBI.TA,CMDR.TA
ORBI.TA,MMHD.TA
ORBI.TA,ONE.TA
ORBI.TA,ALMA.TA
ORBI.TA,LUZN.TA
ORIN.TA,VRDS.TA
ORIN.TA,NURI.TA
ORIN.TA,MRG.TA
ORIN.TA,ININ.TA
ORIN.TA,G107.TA
ORIN.TA,PULS.TA
ORIN.TA,ECP.TA
ORIN.TA,MLRN.TA
ORIN.TA,JNGO.TA
ORIN.TA,WATR.TA
ORA.TA,FLYS.TA
ORA.TA,OVRS.TA
ORA.TA,ENOG.TA
ORA.TA,TSEM.TA
ORON.TA,KRDI.TA
ORON.TA,TTAM.TA
ORON.TA,TRX.TA
ORON.TA,SHNP.TA
ORON.TA,RMN.TA
ORON.TA,LAHAV.TA
ORON.TA,GOLF.TA
ORON.TA,BLITZ-M.TA
ORON.TA,TURB.TA
ORON.TA,FOX.TA
OVRS.TA,ARAN.TA
OVRS.TA,EMDV.TA
OVRS.TA,FLYS.TA
OVRS.TA,ENOG.TA
OVRS.TA,DLEA.TA
OVRS.TA,TOPS.TA
OVRS.TA,SCOP.TA
OVRS.TA,BEZQ.TA
OVRS.TA,RPAC.TA
OVRS.TA,PERI.TA
PLRM.TA,MISH.TA
PLRM.TA,TFRLF.TA
PLRM.TA,LBRA.TA
PLRM.TA,CMER.TA
PLRM.TA,BLSR.TA
PLRM.TA,IDIN.TA
PLRM.TA,QLTU.TA
PLRM.TA,AFRE.TA
PLRM.TA,LUZN.TA
PLRM.TA,SRFT.TA
PRKM.TA,AUIS.TA
PRKM.TA,CLAB.TA
PRKM.TA,NTNB.TA
PRKM.TA,SVRE.TA
PRKM.TA,BRIH.TA
PRKM.TA,CNZN.TA
PRKM.TA,MSVT.TA
PRKM.TA,MTLF.TA
PRKM.TA,MSKE.TA
PRKM.TA,AVER.TA
PTNR.TA,HAMAT.TA
PTNR.TA,DRAL.TA
PTNR.TA,CRSR.TA
PTNR.TA,CEL.TA
PTNR.TA,NTML.TA
PTNR.TA,HMAM.TA
PTNR.TA,ILCO.TA
PTNR.TA,ISTA.TA
PTNR.TA,DLEA.TA
PTNR.TA,ILDC.TA
PMNT.TA,ENDY.TA
PMNT.TA,CNTL-M.TA
PMNT.TA,SNFL.TA
PMNT.TA,ALUMA.TA
PMNT.TA,RANI.TA
PMNT.TA,TRAN.TA
PMNT.TA,ELLO.TA
PMNT.TA,BRND.TA
PMNT.TA,ICON.TA
PMNT.TA,ADGR.TA
PAYT.TA,UMH.TA
PAYT.TA,MNIF.TA
PAYT.TA,ACKR.TA
PAYT.TA,RTMD-L.TA
PAYT.TA,DRSH.TA
PAYT.TA,AVGD.TA
PAYT.TA,NXSN.TA
PAYT.TA,LBRA.TA
PAYT.TA,IMCO.TA
PAYT.TA,ALMY.TA
PAZ.TA,AURA.TA
PAZ.TA,SRFT.TA
PAZ.TA,NVPT.TA
PAZ.TA,POLI.TA
PAZ.TA,BLSR.TA
PAZ.TA,LBRA.TA
PAZ.TA,AVGD.TA
PAZ.TA,LUMI.TA
PAZ.TA,ALMA.TA
PAZ.TA,MMHD.TA
PCBT.TA,LBRA.TA
PCBT.TA,MNIF.TA
PCBT.TA,GSFI.TA
PCBT.TA,SAE.TA
PCBT.TA,DRSH.TA
PCBT.TA,UMH.TA
PCBT.TA,RTMD-L.TA
PCBT.TA,RAYG-M.TA
PCBT.TA,AVGD.TA
PCBT.TA,ACKR.TA
PEN.TA,KSTN.TA
PEN.TA,BKRY.TA
PEN.TA,PRMG.TA
PEN.TA,PRIM.TA
PEN.TA,DIPL.TA
PEN.TA,SRAC.TA
PEN.TA,WESR.TA
PEN.TA,MCLL.TA
PEN.TA,GOTO.TA
PEN.TA,BRKT.TA
PERI.TA,FLYS.TA
PERI.TA,ZPRS.TA
PERI.TA,ARF.TA
PERI.TA,OVRS.TA
PERI.TA,TLSY.TA
PERI.TA,AVER.TA
PERI.TA,ENOG.TA
PERI.TA,ARAN.TA
PERI.TA,ARAD.TA
PERI.TA,EMDV.TA
PTX.TA,BULL-M.TA
PTX.TA,VRDS.TA
PTX.TA,SNEL.TA
PTX.TA,ILDC.TA
PTX.TA,UTRN.TA
PTX.TA,ZUR.TA
PTX.TA,ALHE.TA
PTX.TA,ELLO.TA
PTX.TA,GAGR.TA
PTX.TA,TEDE.TA
PHOE.TA,DSCT.TA
PHOE.TA,LUDN.TA
PHOE.TA,JBNK.TA
PHOE.TA,EXPO.TA
PHOE.TA,CMDR.TA
PHOE.TA,MZTF.TA
PHOE.TA,NAWI.TA
PHOE.TA,CRSM.TA
PHOE.TA,LUMI.TA
PHOE.TA,DIMRI.TA
PHTM.TA,ARDM.TA
PHTM.TA,ALBA.TA
PHTM.TA,HUMX.TA
PHTM.TA,TIGI.TA
PHTM.TA,BBLS.TA
PHTM.TA,CGEN.TA
PHTM.TA,ARTS.TA
PHTM.TA,IDMO.TA
PHTM.TA,STRG.TA
PHTM.TA,BIGT.TA
PLNT.TA,CNZN.TA
PLNT.TA,HMGS.TA
PLNT.TA,MRHL.TA
PLNT.TA,PPBT.TA
PLNT.TA,AVGL.TA
PLNT.TA,AMX.TA
PLNT.TA,AMD.TA
PLNT.TA,MIFT.TA
PLNT.TA,INFR-M.TA
PLNT.TA,WILK.TA
PLSN.TA,BLITZ-M.TA
PLSN.TA,WATR.TA
PLSN.TA,HGGE.TA
PLSN.TA,ICON.TA
PLSN.TA,TRX.TA
PLSN.TA,G107.TA
PLSN.TA,CNTL-M.TA
PLSN.TA,FOX.TA
PLSN.TA,TURB.TA
PLSN.TA,LAHAV.TA
PLCR.TA,ALUMA.TA
PLCR.TA,VRDS.TA
PLCR.TA,G107.TA
PLCR.TA,JNGO.TA
PLCR.TA,AZRT.TA
PLCR.TA,NXFR.TA
PLCR.TA,WATR.TA
PLCR.TA,INCR.TA
PLCR.TA,SKBN.TA
PLCR.TA,CILO.TA
PPIL.TA,GUID.TA
PPIL.TA,CNZN.TA
PPIL.TA,BHNY.TA
PPIL.TA,ELCP.TA
PPIL.TA,BRAM.TA
PPIL.TA,REKA.TA
PPIL.TA,CRML.TA
PPIL.TA,GIX.TA
PPIL.TA,MIFT.TA
PPIL.TA,INFR-M.TA
PLUR.TA,BIGT.TA
PLUR.TA,ARTS.TA
PLUR.TA,HUMX.TA
PLUR.TA,FEAT.TA
PLUR.TA,CGEN.TA
PLUR.TA,SHMM.TA
PLUR.TA,ZOOZ.TA
PLUR.TA,IDMO.TA
PLUR.TA,NRGN.TA
PLUR.TA,HICN.TA
POLI.TA,MZTF.TA
POLI.TA,DSCT.TA
POLI.TA,FIBIH.TA
POLI.TA,LUMI.TA
POLI.TA,FIBI.TA
POLI.TA,MMHD.TA
POLI.TA,NAWI.TA
POLI.TA,CRSM.TA
POLI.TA,EXPO.TA
POLI.TA,SRFT.TA
POLP.TA,BIG.TA
POLP.TA,RMN.TA
POLP.TA,ISCN.TA
POLP.TA,ACRO.TA
POLP.TA,CAST.TA
POLP.TA,ARGO.TA
POLP.TA,SHNP.TA
POLP.TA,LAHAV.TA
POLP.TA,ELCRE.TA
POLP.TA,ALUMA.TA
PMVM.TA,G107.TA
PMVM.TA,UPSL.TA
PMVM.TA,WATR.TA
PMVM.TA,MIFT.TA
PMVM.TA,TKUN.TA
PMVM.TA,SVRT.TA
PMVM.TA,MIA.TA
PMVM.TA,HICN.TA
PMVM.TA,MRHL.TA
PMVM.TA,INFR-M.TA
PRSK.TA,HGG.TA
PRSK.TA,SMT.TA
PRSK.TA,NTGR.TA
PRSK.TA,LAHAV.TA
PRSK.TA,ASHG.TA
PRSK.TA,ACRO.TA
PRSK.TA,RMN.TA
PRSK.TA,BKFR.TA
PRSK.TA,FOX.TA
PRSK.TA,ISCN.TA
PRIM.TA,NISA.TA
PRIM.TA,ALLT.TA
PRIM.TA,PRMG.TA
PRIM.TA,YBRD.TA
PRIM.TA,ACCL.TA
PRIM.TA,QNCO.TA
PRIM.TA,WESR.TA
PRIM.TA,UPSL.TA
PRIM.TA,ALBA.TA
PRIM.TA,NXTG.TA
PRMG.TA,SHAN.TA
PRMG.TA,AQUA.TA
PRMG.TA,GNCL.TA
PRMG.TA,G107.TA
PRMG.TA,KSTN.TA
PRMG.TA,NXFR.TA
PRMG.TA,BKRY.TA
PRMG.TA,GOTO.TA
PRMG.TA,TKUN.TA
PRMG.TA,PRIM.TA
PRTC.TA,CAMT.TA
PRTC.TA,NVMI.TA
PRTC.TA,UNIT.TA
PRTC.TA,NXSN.TA
PRTC.TA,AURA.TA
PRTC.TA,NVPT.TA
PRTC.TA,QLTU.TA
PRTC.TA,GOHO.TA
PRTC.TA,TFRLF.TA
PRTC.TA,MISH.TA
PRPD.TA,NWMD.TA
PRPD.TA,BLRX.TA
PRPD.TA,OPK.TA
PTBL.TA,ALUMA.TA
PTBL.TA,DISI.TA
PTBL.TA,TRX.TA
PTBL.TA,BKRY.TA
PTBL.TA,WATR.TA
PTBL.TA,TRAN.TA
PTBL.TA,G107.TA
PTBL.TA,ACRO.TA
PTBL.TA,GNGR.TA
PTBL.TA,PRMG.TA
PULS.TA,SCC.TA
PULS.TA,AMX.TA
PULS.TA,BOLT.TA
PULS.TA,PPBT.TA
PULS.TA,TRA.TA
PULS.TA,HMGS.TA
PULS.TA,REKA.TA
PULS.TA,AVGL.TA
PULS.TA,BHNY.TA
PULS.TA,MRHL.TA
PPBT.TA,CNTC.TA
PPBT.TA,PLNT.TA
PPBT.TA,HMGS.TA
PPBT.TA,PULS.TA
PPBT.TA,FLYS.TA
PPBT.TA,GNCL.TA
PPBT.TA,AQUA.TA
PPBT.TA,SPDV.TA
PPBT.TA,G107.TA
PPBT.TA,NXFR.TA
QLTU.TA,TATT.TA
QLTU.TA,NVPT.TA
QLTU.TA,ASHO.TA
QLTU.TA,BSEN.TA
QLTU.TA,AURA.TA
QLTU.TA,ZNKL.TA
QLTU.TA,CMER.TA
QLTU.TA,ARYT.TA
QLTU.TA,RTMD-L.TA
QLTU.TA,NVMI.TA
QNCO.TA,AQUA.TA
QNCO.TA,WESR.TA
QNCO.TA,PRIM.TA
QNCO.TA,GNCL.TA
QNCO.TA,PRMG.TA
QNCO.TA,SMAG.TA
QNCO.TA,BKRY.TA
QNCO.TA,ALLT.TA
QNCO.TA,GOTO.TA
QNCO.TA,ZOOZ.TA
QLRD.TA,RZR.TA
QLRD.TA,GLTL.TA
QLRD.TA,PHTM.TA
QLRD.TA,SPNTC.TA
QLRD.TA,CGEN.TA
QLRD.TA,ALBA.TA
QLRD.TA,WESR.TA
QLRD.TA,ELWS.TA
QLRD.TA,ARDM.TA
QLRD.TA,TIGI.TA
RLCO.TA,MGDL.TA
RLCO.TA,DELG.TA
RLCO.TA,ELCRE.TA
RLCO.TA,ELMR.TA
RLCO.TA,HOD.TA
RLCO.TA,BOTI.TA
RLCO.TA,HARL.TA
RLCO.TA,ZMH.TA
RLCO.TA,ONE.TA
RLCO.TA,CLIS.TA
RMN.TA,FOX.TA
RMN.TA,LAHAV.TA
RMN.TA,HGG.TA
RMN.TA,ALUMA.TA
RMN.TA,SHNP.TA
RMN.TA,ARGO.TA
RMN.TA,CLIS.TA
RMN.TA,PRSK.TA
RMN.TA,NTGR.TA
RMN.TA,ACRO.TA
RMLI.TA,CMDR.TA
RMLI.TA,EXPO.TA
RMLI.TA,ELMR.TA
RMLI.TA,ONE.TA
RMLI.TA,HOD.TA
RMLI.TA,DUNI.TA
RMLI.TA,LUMI.TA
RMLI.TA,PHOE.TA
RMLI.TA,BEZQ.TA
RMLI.TA,BOTI.TA
RANI.TA,ALUMA.TA
RANI.TA,MLRN.TA
RANI.TA,ELCO.TA
RANI.TA,GNGR.TA
RANI.TA,CNTL-M.TA
RANI.TA,VRDS.TA
RANI.TA,G107.TA
RANI.TA,NTO.TA
RANI.TA,WATR.TA
RANI.TA,BRMG.TA
RPAC.TA,RIMO.TA
RPAC.TA,MNIN.TA
RPAC.TA,DLEA.TA
RPAC.TA,RMN.TA
RPAC.TA,FOX.TA
RPAC.TA,CRSR.TA
RPAC.TA,TDRN.TA
RPAC.TA,TOPS.TA
RPAC.TA,ASHG.TA
RPAC.TA,ARAN.TA
BRIH.TA,MIFT.TA
BRIH.TA,CBI.TA
BRIH.TA,INFR-M.TA
BRIH.TA,WILK.TA
BRIH.TA,CNTC.TA
BRIH.TA,TKUN.TA
BRIH.TA,LEOF.TA
BRIH.TA,FEAT.TA
BRIH.TA,HICN.TA
BRIH.TA,BOLT.TA
RAVD.TA,BLSR.TA
RAVD.TA,AZRM.TA
RAVD.TA,TFRLF.TA
RAVD.TA,ALMA.TA
RAVD.TA,GOHO.TA
RAVD.TA,IDIN.TA
RAVD.TA,ISRS.TA
RAVD.TA,AZRG.TA
RAVD.TA,AFRE.TA
RAVD.TA,MLSR.TA
RVL.TA,PMVM.TA
RVL.TA,ZOOZ.TA
RVL.TA,MSVT.TA
RVL.TA,FEAT.TA
RVL.TA,CNTC.TA
RVL.TA,GOTO.TA
RVL.TA,PLNT.TA
RVL.TA,UNTC.TA
RVL.TA,ARTS.TA
RVL.TA,HMGS.TA
RAYG-M.TA,LBRA.TA
RAYG-M.TA,PCBT.TA
RAYG-M.TA,MAXO.TA
RAYG-M.TA,GLTL.TA
RAYG-M.TA,DRSH.TA
RAYG-M.TA,VCTR.TA
RAYG-M.TA,ELWS.TA
RAYG-M.TA,WESR.TA
RAYG-M.TA,SEMG.TA
RAYG-M.TA,ALBA.TA
RZR.TA,THES.TA
RZR.TA,GLTL.TA
RZR.TA,ARDM.TA
RZR.TA,ALBA.TA
RZR.TA,QLRD.TA
RZR.TA,CGEN.TA
RZR.TA,PHTM.TA
RZR.TA,UMH.TA
RZR.TA,BBLS.TA
RZR.TA,WESR.TA
RIT1.TA,SLARL.TA
RIT1.TA,AMOT.TA
RIT1.TA,ARPT.TA
RIT1.TA,VTNA.TA
RIT1.TA,MVNE.TA
RIT1.TA,SMT.TA
RIT1.TA,BIG.TA
RIT1.TA,ASGR.TA
RIT1.TA,ILDC.TA
RIT1.TA,GVYM.TA
AZRT.TA,VRDS.TA
AZRT.TA,JNGO.TA
AZRT.TA,G107.TA
AZRT.TA,CILO.TA
AZRT.TA,MLRN.TA
AZRT.TA,ALUMA.TA
AZRT.TA,PLCR.TA
AZRT.TA,NURI.TA
AZRT.TA,WATR.TA
AZRT.TA,UTRN.TA
REKA.TA,NXFR.TA
REKA.TA,G107.TA
REKA.TA,GNCL.TA
REKA.TA,WATR.TA
REKA.TA,BHNY.TA
REKA.TA,PULS.TA
REKA.TA,AQUA.TA
REKA.TA,MRHL.TA
REKA.TA,JNGO.TA
REKA.TA,CNTC.TA
RTMD-L.TA,BSEN.TA
RTMD-L.TA,UMH.TA
RTMD-L.TA,QLTU.TA
RTMD-L.TA,TEVA.TA
RTMD-L.TA,GSFI.TA
RTMD-L.TA,NVPT.TA
RTMD-L.TA,TATT.TA
RTMD-L.TA,DANH.TA
RTMD-L.TA,MISH.TA
RTMD-L.TA,ZNKL.TA
RTLS.TA,TRLT.TA
RTLS.TA,ARF.TA
RTLS.TA,HLAN.TA
RTLS.TA,LEVI.TA
RTLS.TA,BOTI.TA
RTLS.TA,DELG.TA
RTLS.TA,ARPT.TA
RTLS.TA,ZMH.TA
RTLS.TA,SFRN.TA
RTLS.TA,MEDN.TA
RMON.TA,SMT.TA
RMON.TA,PRSK.TA
RMON.TA,MNRT.TA
RMON.TA,AYAL.TA
RMON.TA,KARE.TA
RMON.TA,MGDL.TA
RMON.TA,DELG.TA
RMON.TA,LEVI.TA
RMON.TA,BKFR.TA
RMON.TA,MEDN.TA
RIMO.TA,TDRN.TA
RIMO.TA,DLEA.TA
RIMO.TA,FOX.TA
RIMO.TA,RPAC.TA
RIMO.TA,ASHG.TA
RIMO.TA,BULL-M.TA
RIMO.TA,AMD.TA
RIMO.TA,ICL.TA
RIMO.TA,RMN.TA
RIMO.TA,ILCO.TA
ROTS.TA,HARL.TA
ROTS.TA,ZMH.TA
ROTS.TA,DUNI.TA
ROTS.TA,MGDL.TA
ROTS.TA,BLSR.TA
ROTS.TA,ALMA.TA
ROTS.TA,DIMRI.TA
ROTS.TA,AZRM.TA
ROTS.TA,DRSH.TA
ROTS.TA,CMDR.TA
RSEL.TA,MISH.TA
RSEL.TA,NXSN.TA
RSEL.TA,ORBI.TA
RSEL.TA,GLRS.TA
RSEL.TA,AFRE.TA
RSEL.TA,NVMI.TA
RSEL.TA,PRTC.TA
RSEL.TA,UMH.TA
RSEL.TA,TFRLF.TA
RSEL.TA,MMHD.TA
SRAC.TA,OPAL.TA
SRAC.TA,DIPL.TA
SRAC.TA,VRDS.TA
SRAC.TA,ALUMA.TA
SRAC.TA,MCLL.TA
SRAC.TA,SKBN.TA
SRAC.TA,BKRY.TA
SRAC.TA,JNGO.TA
SRAC.TA,SHOM.TA
SRAC.TA,G107.TA
SANO1.TA,DLTI.TA
SANO1.TA,MEDN.TA
SANO1.TA,ISCN.TA
SANO1.TA,ARGO.TA
SANO1.TA,AYAL.TA
SANO1.TA,FGAS.TA
SANO1.TA,SOFW.TA
SANO1.TA,MGOR.TA
SANO1.TA,BKFR.TA
SANO1.TA,POLP.TA
SPNS.TA,NXSN.TA
SPNS.TA,UMH.TA
SPNS.TA,GLRS.TA
SPNS.TA,CAMT.TA
SPNS.TA,PRTC.TA
SPNS.TA,NVMI.TA
SPNS.TA,TEVA.TA
SPNS.TA,IMCO.TA
SPNS.TA,RTMD-L.TA
SPNS.TA,MISH.TA
SRFT.TA,LUDN.TA
SRFT.TA,CMDR.TA
SRFT.TA,DIMRI.TA
SRFT.TA,AFRE.TA
SRFT.TA,POLI.TA
SRFT.TA,EXPO.TA
SRFT.TA,LUZN.TA
SRFT.TA,MMHD.TA
SRFT.TA,LUMI.TA
SRFT.TA,ALMA.TA
SARN.TA,FLYS.TA
SARN.TA,RVL.TA
SARN.TA,PPBT.TA
SARN.TA,FRSX.TA
SARN.TA,YAAC.TA
SARN.TA,EVGN.TA
SARN.TA,NXGN.TA
SARN.TA,PLUR.TA
SARN.TA,SPDV.TA
SARN.TA,LPSN.TA
SVRE.TA,UNCT.TA
SVRE.TA,ARTS.TA
SVRE.TA,ZOOZ.TA
SVRE.TA,SHMM.TA
SVRE.TA,BCUR.TA
SVRE.TA,IDMO.TA
SVRE.TA,GNCL.TA
SVRE.TA,FEAT.TA
SVRE.TA,ALBA.TA
SVRE.TA,HICN.TA
SVRT.TA,WATR.TA
SVRT.TA,HICN.TA
SVRT.TA,G107.TA
SVRT.TA,CNTL-M.TA
SVRT.TA,PMVM.TA
SVRT.TA,BLITZ-M.TA
SVRT.TA,NRGN.TA
SVRT.TA,TRX.TA
SVRT.TA,TGTR.TA
SVRT.TA,ALUMA.TA
SHNP.TA,HGG.TA
SHNP.TA,CAST.TA
SHNP.TA,LAHAV.TA
SHNP.TA,AMRK.TA
SHNP.TA,ALUMA.TA
SHNP.TA,RMN.TA
SHNP.TA,BIG.TA
SHNP.TA,FOX.TA
SHNP.TA,ASHG.TA
SHNP.TA,ISCN.TA
SCDX.TA,BIGT.TA
SCDX.TA,ZOOZ.TA
SCDX.TA,SHMM.TA
SCDX.TA,ALLT.TA
SCDX.TA,NXGN.TA
SCDX.TA,BBLS.TA
SCDX.TA,LPSN.TA
SCDX.TA,NXTG.TA
SCDX.TA,FEAT.TA
SCDX.TA,HUMX.TA
SCOP.TA,TOPS.TA
SCOP.TA,HOD.TA
SCOP.TA,ARIN.TA
SCOP.TA,ISRO.TA
SCOP.TA,ELMR.TA
SCOP.TA,ILCO.TA
SCOP.TA,DELG.TA
SCOP.TA,SNCM.TA
SCOP.TA,ISTA.TA
SCOP.TA,ICL.TA
SEMG.TA,MIFT.TA
SEMG.TA,HICN.TA
SEMG.TA,FEAT.TA
SEMG.TA,TGTR.TA
SEMG.TA,NRGN.TA
SEMG.TA,ARTS.TA
SEMG.TA,YBRD.TA
SEMG.TA,TKUN.TA
SEMG.TA,HUMX.TA
SEMG.TA,ZOOZ.TA
SLARL.TA,RIT1.TA
SLARL.TA,AMOT.TA
SLARL.TA,MVNE.TA
SLARL.TA,ARPT.TA
SLARL.TA,VTNA.TA
SLARL.TA,GVYM.TA
SLARL.TA,BIG.TA
SLARL.TA,SMT.TA
SLARL.TA,AZRG.TA
SLARL.TA,ELCRE.TA
SHGR.TA,VRDS.TA
SHGR.TA,ALUMA.TA
SHGR.TA,DIPL.TA
SHGR.TA,BKRY.TA
SHGR.TA,PLCR.TA
SHGR.TA,KLIL.TA
SHGR.TA,NXFR.TA
SHGR.TA,GNGR.TA
SHGR.TA,JNGO.TA
SHGR.TA,G107.TA
SHMM.TA,STRG.TA
SHMM.TA,ARTS.TA
SHMM.TA,IDMO.TA
SHMM.TA,FRSX.TA
SHMM.TA,NXTG.TA
SHMM.TA,ALLT.TA
SHMM.TA,BIGT.TA
SHMM.TA,BBLS.TA
SHMM.TA,PLUR.TA
SHMM.TA,SVRE.TA
SHAN.TA,PRMG.TA
SHAN.TA,NXFR.TA
SHAN.TA,AQUA.TA
SHAN.TA,ALUMA.TA
SHAN.TA,PMVM.TA
SHAN.TA,BKRY.TA
SHAN.TA,GNCL.TA
SHAN.TA,GOTO.TA
SHAN.TA,KSTN.TA
SHAN.TA,WATR.TA
SPEN.TA,ELTR.TA
SPEN.TA,HAMAT.TA
SPEN.TA,LVPR.TA
SPEN.TA,NTML.TA
SPEN.TA,EPIT.TA
SPEN.TA,ELCO.TA
SPEN.TA,ASHG.TA
SPEN.TA,PTNR.TA
SPEN.TA,ETGA.TA
SPEN.TA,SPRG.TA
SBEN.TA,CILO.TA
SBEN.TA,ENLT.TA
SBEN.TA,AILN.TA
SBEN.TA,NURI.TA
SBEN.TA,SPRG.TA
SBEN.TA,ININ.TA
SBEN.TA,ARIN.TA
SBEN.TA,TEDE.TA
SBEN.TA,ORIN.TA
SBEN.TA,ICON.TA
SKBN.TA,ALUMA.TA
SKBN.TA,NXFR.TA
SKBN.TA,BKRY.TA
SKBN.TA,TRAN.TA
SKBN.TA,DIPL.TA
SKBN.TA,G107.TA
SKBN.TA,VRDS.TA
SKBN.TA,TRX.TA
SKBN.TA,WATR.TA
SKBN.TA,PLCR.TA
SHOM.TA,DIPL.TA
SHOM.TA,MCLL.TA
SHOM.TA,SRAC.TA
SHOM.TA,OPAL.TA
SHOM.TA,ALUMA.TA
SHOM.TA,BKRY.TA
SHOM.TA,SKBN.TA
SHOM.TA,VRDS.TA
SHOM.TA,ACRO.TA
SHOM.TA,NXFR.TA
SAE.TA,LBRA.TA
SAE.TA,DRSH.TA
SAE.TA,DLTI.TA
SAE.TA,PCBT.TA
SAE.TA,GSFI.TA
SAE.TA,JCFN.TA
SAE.TA,UMH.TA
SAE.TA,PLRM.TA
SAE.TA,AVGD.TA
SAE.TA,MISH.TA
SKLN.TA,ARPT.TA
SKLN.TA,PMNT.TA
SKLN.TA,MSHR.TA
SKLN.TA,ADGR.TA
SKLN.TA,ALUMA.TA
SKLN.TA,SLARL.TA
SKLN.TA,RIT1.TA
SKLN.TA,POLP.TA
SKLN.TA,SMT.TA
SKLN.TA,ILDC.TA
SMAG.TA,BVC.TA
SMAG.TA,UNCT.TA
SMAG.TA,AQUA.TA
SMAG.TA,LPSN.TA
SMAG.TA,NXTG.TA
SMAG.TA,GNCL.TA
SMAG.TA,SVRE.TA
SMAG.TA,AUGN.TA
SMAG.TA,ALLT.TA
SMAG.TA,SPDV.TA
SOFW.TA,SPNTC.TA
SOFW.TA,NXTM.TA
SOFW.TA,VCTR.TA
SOFW.TA,DANE.TA
SOFW.TA,TGTR.TA
SOFW.TA,TECT.TA
SOFW.TA,BCUR.TA
SOFW.TA,GLTL.TA
SOFW.TA,NISA.TA
SOFW.TA,CGEN.TA
SOLR.TA,CBI.TA
SOLR.TA,NISA.TA
SOLR.TA,MIFT.TA
SOLR.TA,ALLT.TA
SOLR.TA,NXTG.TA
SOLR.TA,TKUN.TA
SOLR.TA,SEMG.TA
SOLR.TA,INFR-M.TA
SOLR.TA,STRG.TA
SOLR.TA,ZOOZ.TA
SCC.TA,FLYS.TA
SCC.TA,G107.TA
SCC.TA,WATR.TA
SCC.TA,GIX.TA
SCC.TA,JNGO.TA
SCC.TA,NXFR.TA
SCC.TA,PULS.TA
SCC.TA,CNTC.TA
SCC.TA,NURI.TA
SCC.TA,BLITZ-M.TA
SPDV.TA,LPSN.TA
SPDV.TA,BVC.TA
SPDV.TA,FRSX.TA
SPDV.TA,BONS.TA
SPDV.TA,ARTS.TA
SPDV.TA,NXGN.TA
SPDV.TA,GNCL.TA
SPDV.TA,KDST.TA
SPDV.TA,MCRNT.TA
SPDV.TA,ZOOZ.TA
SPRG.TA,HAMAT.TA
SPRG.TA,AMD.TA
SPRG.TA,ELCO.TA
SPRG.TA,NTO.TA
SPRG.TA,BULL-M.TA
SPRG.TA,G107.TA
SPRG.TA,TDRN.TA
SPRG.TA,WATR.TA
SPRG.TA,ALUMA.TA
SPRG.TA,NURI.TA
SPNTC.TA,NISA.TA
SPNTC.TA,ALBA.TA
SPNTC.TA,AUGN.TA
SPNTC.TA,VCTR.TA
SPNTC.TA,MIFT.TA
SPNTC.TA,SVRE.TA
SPNTC.TA,UNCT.TA
SPNTC.TA,BVC.TA
SPNTC.TA,PRIM.TA
SPNTC.TA,WESR.TA
STRG.TA,SHMM.TA
STRG.TA,ZOOZ.TA
STRG.TA,IDMO.TA
STRG.TA,ARTS.TA
STRG.TA,CNTL-M.TA
STRG.TA,FEAT.TA
STRG.TA,BCUR.TA
STRG.TA,BIGT.TA
STRG.TA,TIGI.TA
STRG.TA,SPDV.TA
STRS.TA,ELCP.TA
STRS.TA,CLAB.TA
STRS.TA,FLYS.TA
STRS.TA,NURI.TA
STRS.TA,AMD.TA
STRS.TA,ORTC.TA
STRS.TA,GIX.TA
STRS.TA,PULS.TA
STRS.TA,GUID.TA
STRS.TA,CNZN.TA
SFRN.TA,MIFT.TA
SFRN.TA,PMVM.TA
SFRN.TA,ECP.TA
SFRN.TA,DISI.TA
SFRN.TA,MSVT.TA
SFRN.TA,WILK.TA
SFRN.TA,SVRT.TA
SFRN.TA,TRAN.TA
SFRN.TA,GOTO.TA
SFRN.TA,HGGE.TA
SMT.TA,PRSK.TA
SMT.TA,ARPT.TA
SMT.TA,ACRO.TA
SMT.TA,RIT1.TA
SMT.TA,SLARL.TA
SMT.TA,BIG.TA
SMT.TA,BKFR.TA
SMT.TA,ASHG.TA
SMT.TA,ALUMA.TA
SMT.TA,ELCRE.TA
SNFL.TA,ALUMA.TA
SNFL.TA,PMVM.TA
SNFL.TA,WATR.TA
SNFL.TA,NXFR.TA
SNFL.TA,G107.TA
SNFL.TA,BKRY.TA
SNFL.TA,ELLO.TA
SNFL.TA,CNTL-M.TA
SNFL.TA,GOTO.TA
SNFL.TA,KSTN.TA
SNCM.TA,SCOP.TA
SNCM.TA,TSEM.TA
SNCM.TA,ELMR.TA
SNCM.TA,HOD.TA
SNCM.TA,AMAN.TA
SNCM.TA,LUMI.TA
SNCM.TA,DSCT.TA
SNCM.TA,NAWI.TA
SNCM.TA,ISTA.TA
SNCM.TA,ARIN.TA
STEC.TA,ARF.TA
STEC.TA,SKLN.TA
SNEL.TA,ALUMA.TA
SNEL.TA,GNGR.TA
SNEL.TA,MLRN.TA
SNEL.TA,PLCR.TA
SNEL.TA,VRDS.TA
SNEL.TA,AZRT.TA
SNEL.TA,ALHE.TA
SNEL.TA,MGRT.TA
SNEL.TA,RANI.TA
SNEL.TA,ELLO.TA
TDRN.TA,RIMO.TA
TDRN.TA,BULL-M.TA
TDRN.TA,ASHG.TA
TDRN.TA,HAMAT.TA
TDRN.TA,FOX.TA
TDRN.TA,DLEA.TA
TDRN.TA,CFX.TA
TDRN.TA,ELCO.TA
TDRN.TA,ICL.TA
TDRN.TA,ECP.TA
TMRP.TA,TOEN.TA
TMRP.TA,CDEV.TA
TMRP.TA,AURA.TA
TMRP.TA,NFTA.TA
TMRP.TA,NXSN.TA
TMRP.TA,CISY.TA
TMRP.TA,FIBIH.TA
TMRP.TA,FIBI.TA
TMRP.TA,MZTF.TA
TMRP.TA,LHIS.TA
TRA.TA,JNGO.TA
TRA.TA,AMX.TA
TRA.TA,CILO.TA
TRA.TA,ININ.TA
TRA.TA,G107.TA
TRA.TA,VRDS.TA
TRA.TA,GAGR.TA
TRA.TA,NURI.TA
TRA.TA,NXFR.TA
TRA.TA,PULS.TA
TATT.TA,NVPT.TA
TATT.TA,ASHO.TA
TATT.TA,QLTU.TA
TATT.TA,CMER.TA
TATT.TA,ARYT.TA
TATT.TA,ZNKL.TA
TATT.TA,BSEN.TA
TATT.TA,AURA.TA
TATT.TA,TOEN.TA
TATT.TA,RTMD-L.TA
TAYA.TA,AMRK.TA
TAYA.TA,MCLL.TA
TAYA.TA,DIFI.TA
TAYA.TA,VRDS.TA
TAYA.TA,ILDC.TA
TAYA.TA,CAST.TA
TAYA.TA,BRIL.TA
TAYA.TA,ZUR.TA
TAYA.TA,HAMAT.TA
TAYA.TA,SHNP.TA
TNPV.TA,MRG.TA
TNPV.TA,ECP.TA
TNPV.TA,DIPL.TA
TNPV.TA,GOLF.TA
TNPV.TA,VRDS.TA
TNPV.TA,MCLL.TA
TNPV.TA,MLTM.TA
TNPV.TA,ORIN.TA
TNPV.TA,TTAM.TA
TNPV.TA,JNGO.TA
TECT.TA,GOTO.TA
TECT.TA,NRGN.TA
TECT.TA,ARTS.TA
TECT.TA,BKFR.TA
TECT.TA,FEAT.TA
TECT.TA,BCUR.TA
TECT.TA,MIA.TA
TECT.TA,PMVM.TA
TECT.TA,WESR.TA
TECT.TA,KSTN.TA
TEDE.TA,NURI.TA
TEDE.TA,ELCO.TA
TEDE.TA,ALUMA.TA
TEDE.TA,WATR.TA
TEDE.TA,RANI.TA
TEDE.TA,SPRG.TA
TEDE.TA,BRMG.TA
TEDE.TA,G107.TA
TEDE.TA,PMNT.TA
TEDE.TA,CILO.TA
TFRLF.TA,AFRE.TA
TFRLF.TA,DIMRI.TA
TFRLF.TA,PLRM.TA
TFRLF.TA,AZRM.TA
TFRLF.TA,KARE.TA
TFRLF.TA,BLSR.TA
TFRLF.TA,LUZN.TA
TFRLF.TA,ALMA.TA
TFRLF.TA,RAVD.TA
TFRLF.TA,LUDN.TA
TLSY.TA,CISY.TA
TLSY.TA,FIBI.TA
TLSY.TA,JBNK.TA
TLSY.TA,NWMD.TA
TLSY.TA,ARF.TA
TLSY.TA,FIBIH.TA
TLSY.TA,CDEV.TA
TLSY.TA,MZTF.TA
TLSY.TA,LHIS.TA
TLSY.TA,TMRP.TA
TRLT.TA,SOFW.TA
TRLT.TA,CGEN.TA
TRLT.TA,QLRD.TA
TRLT.TA,ALMD.TA
TRLT.TA,SPNTC.TA
TRLT.TA,ALBA.TA
TRLT.TA,IDMO.TA
TRLT.TA,PHTM.TA
TRLT.TA,GLTL.TA
TRLT.TA,MEDN.TA
TRX.TA,SVRT.TA
TRX.TA,BLITZ-M.TA
TRX.TA,AUDC.TA
TRX.TA,WATR.TA
TRX.TA,NXFR.TA
TRX.TA,UPSL.TA
TRX.TA,G107.TA
TRX.TA,AILN.TA
TRX.TA,AQUA.TA
TRX.TA,DISI.TA
TUZA.TA,HMGS.TA
TUZA.TA,PLNT.TA
TUZA.TA,NURI.TA
TUZA.TA,MIFT.TA
TUZA.TA,NXFR.TA
TUZA.TA,SVRT.TA
TUZA.TA,ELCP.TA
TUZA.TA,MSVT.TA
TUZA.TA,MRHL.TA
TUZA.TA,HICN.TA
TEVA.TA,UMH.TA
TEVA.TA,RTMD-L.TA
TEVA.TA,NXSN.TA
TEVA.TA,DANH.TA
TEVA.TA,BSEN.TA
TEVA.TA,ARYT.TA
TEVA.TA,QLTU.TA
TEVA.TA,TATT.TA
TEVA.TA,NVPT.TA
TEVA.TA,ZNKL.TA
TGI.TA,NWMD.TA
TGI.TA,ESLT.TA
TGI.TA,DLEKG.TA
TGI.TA,ENOG.TA
TGI.TA,FIBI.TA
TGI.TA,ORL.TA
TGI.TA,AMAN.TA
TGI.TA,ZPRS.TA
TGI.TA,BCOM.TA
TGI.TA,SNCM.TA
ILCO.TA,ICL.TA
ILCO.TA,KEN.TA
ILCO.TA,ISTA.TA
ILCO.TA,ARIN.TA
ILCO.TA,DLEA.TA
ILCO.TA,HOD.TA
ILCO.TA,ISRO.TA
ILCO.TA,SCOP.TA
ILCO.TA,ASGR.TA
ILCO.TA,DRAL.TA
TMIS.TA,ROTS.TA
TMIS.TA,HARL.TA
TMIS.TA,BOTI.TA
TMIS.TA,ZMH.TA
TMIS.TA,DIMRI.TA
TMIS.TA,AZRM.TA
TMIS.TA,LUZN.TA
TMIS.TA,DUNI.TA
TMIS.TA,AFRE.TA
TMIS.TA,ONE.TA
THES.TA,RZR.TA
THES.TA,PHTM.TA
THES.TA,ARDM.TA
THES.TA,TIGI.TA
THES.TA,NRGN.TA
THES.TA,QLRD.TA
THES.TA,BIGT.TA
THES.TA,TECT.TA
THES.TA,EVGN.TA
THES.TA,ARTS.TA
TIGBUR.TA,DELG.TA
TIGBUR.TA,DIMRI.TA
TIGBUR.TA,DUNI.TA
TIGBUR.TA,DSCT.TA
TIGBUR.TA,LUMI.TA
TIGBUR.TA,BOTI.TA
TIGBUR.TA,EXPO.TA
TIGBUR.TA,ONE.TA
TIGBUR.TA,ALMA.TA
TIGBUR.TA,ZMH.TA
TIGI.TA,PHTM.TA
TIGI.TA,BIGT.TA
TIGI.TA,ARDM.TA
TIGI.TA,ALBA.TA
TIGI.TA,ARTS.TA
TIGI.TA,NXTG.TA
TIGI.TA,STRG.TA
TIGI.TA,YBRD.TA
TIGI.TA,BBLS.TA
TIGI.TA,ALLT.TA
TKUN.TA,G107.TA
TKUN.TA,PMVM.TA
TKUN.TA,WATR.TA
TKUN.TA,MIFT.TA
TKUN.TA,GOTO.TA
TKUN.TA,NXFR.TA
TKUN.TA,JNGO.TA
TKUN.TA,GNCL.TA
TKUN.TA,AQUA.TA
TKUN.TA,ALUMA.TA
TTAM.TA,BLITZ-M.TA
TTAM.TA,CNTL-M.TA
TTAM.TA,HGGE.TA
TTAM.TA,TRX.TA
TTAM.TA,WATR.TA
TTAM.TA,G107.TA
TTAM.TA,TURB.TA
TTAM.TA,TRAN.TA
TTAM.TA,ICON.TA
TTAM.TA,FOX.TA
TGTR.TA,HICN.TA
TGTR.TA,YBRD.TA
TGTR.TA,SEMG.TA
TGTR.TA,SVRT.TA
TGTR.TA,MIFT.TA
TGTR.TA,NRGN.TA
TGTR.TA,GOTO.TA
TGTR.TA,ARTS.TA
TGTR.TA,HUMX.TA
TGTR.TA,PMVM.TA
TOEN.TA,NXSN.TA
TOEN.TA,TMRP.TA
TOEN.TA,NVPT.TA
TOEN.TA,AURA.TA
TOEN.TA,ARYT.TA
TOEN.TA,TATT.TA
TOEN.TA,QLTU.TA
TOEN.TA,ASHO.TA
TOEN.TA,LHIS.TA
TOEN.TA,CAMT.TA
TNDO.TA,ARF.TA
TNDO.TA,PMNT.TA
TNDO.TA,GILT.TA
TNDO.TA,ENDY.TA
TNDO.TA,IGLD.TA
TNDO.TA,MTRN.TA
TNDO.TA,REKA.TA
TNDO.TA,CMCT.TA
TNDO.TA,BIMT.TA
TNDO.TA,ASGR.TA
TOPS.TA,SCOP.TA
TOPS.TA,ARIN.TA
TOPS.TA,HOD.TA
TOPS.TA,ISRO.TA
TOPS.TA,DLEA.TA
TOPS.TA,ARAN.TA
TOPS.TA,ELMR.TA
TOPS.TA,ELCRE.TA
TOPS.TA,ILCO.TA
TOPS.TA,ICL.TA
TSEM.TA,SNCM.TA
TSEM.TA,LUMI.TA
TSEM.TA,CRSM.TA
TSEM.TA,HOD.TA
TSEM.TA,ELMR.TA
TSEM.TA,EXPO.TA
TSEM.TA,PHOE.TA
TSEM.TA,LUDN.TA
TSEM.TA,ENOG.TA
TSEM.TA,SCOP.TA
TRAN.TA,CNTL-M.TA
TRAN.TA,DISI.TA
TRAN.TA,HGGE.TA
TRAN.TA,NXFR.TA
TRAN.TA,G107.TA
TRAN.TA,SKBN.TA
TRAN.TA,GIBUI.TA
TRAN.TA,WATR.TA
TRAN.TA,ALUMA.TA
TRAN.TA,BHNY.TA
TURB.TA,BLITZ-M.TA
TURB.TA,INTO.TA
TURB.TA,BBLS.TA
TURB.TA,CNTL-M.TA
TURB.TA,ARTS.TA
TURB.TA,TRX.TA
TURB.TA,UPSL.TA
TURB.TA,TTAM.TA
TURB.TA,NXTG.TA
TURB.TA,ALLT.TA
TRPZ.TA,MGOR.TA
TRPZ.TA,RMN.TA
TRPZ.TA,HGG.TA
TRPZ.TA,DIFI.TA
TRPZ.TA,SHNP.TA
TRPZ.TA,CAST.TA
TRPZ.TA,VTNA.TA
TRPZ.TA,POLP.TA
TRPZ.TA,AMRK.TA
TRPZ.TA,BIG.TA
UMH.TA,DANH.TA
UMH.TA,RTMD-L.TA
UMH.TA,MISH.TA
UMH.TA,TEVA.TA
UMH.TA,QLTU.TA
UMH.TA,AURA.TA
UMH.TA,NVPT.TA
UMH.TA,BSEN.TA
UMH.TA,GSFI.TA
UMH.TA,ZNKL.TA
UNTC.TA,GNCL.TA
UNTC.TA,SVRE.TA
UNTC.TA,AUGN.TA
UNTC.TA,AQUA.TA
UNTC.TA,FEAT.TA
UNTC.TA,WILK.TA
UNTC.TA,INTO.TA
UNTC.TA,HICN.TA
UNTC.TA,BVC.TA
UNTC.TA,MIA.TA
UNCT.TA,SVRE.TA
UNCT.TA,AUGN.TA
UNCT.TA,SMAG.TA
UNCT.TA,BVC.TA
UNCT.TA,NXTG.TA
UNCT.TA,ARTS.TA
UNCT.TA,LPSN.TA
UNCT.TA,YBRD.TA
UNCT.TA,ALBA.TA
UNCT.TA,IDMO.TA
UNIT.TA,CAMT.TA
UNIT.TA,PRTC.TA
UNIT.TA,NVMI.TA
UNIT.TA,NXSN.TA
UNIT.TA,CISY.TA
UNIT.TA,TMRP.TA
UNIT.TA,LHIS.TA
UNIT.TA,MZTF.TA
UNIT.TA,TOEN.TA
UNIT.TA,AURA.TA
UPSL.TA,GOTO.TA
UPSL.TA,WATR.TA
UPSL.TA,PMVM.TA
UPSL.TA,G107.TA
UPSL.TA,CNTL-M.TA
UPSL.TA,ALUMA.TA
UPSL.TA,ICON.TA
UPSL.TA,FEAT.TA
UPSL.TA,ZOOZ.TA
UPSL.TA,BLITZ-M.TA
UTRN.TA,BULL-M.TA
UTRN.TA,AZRT.TA
UTRN.TA,VRDS.TA
UTRN.TA,MRG.TA
UTRN.TA,GAGR.TA
UTRN.TA,JNGO.TA
UTRN.TA,MLRN.TA
UTRN.TA,CILO.TA
UTRN.TA,ALHE.TA
UTRN.TA,NURI.TA
VRDS.TA,PLCR.TA
VRDS.TA,AMX.TA
VRDS.TA,AZRT.TA
VRDS.TA,SHGR.TA
VRDS.TA,NVLG.TA
VRDS.TA,BRAM.TA
VRDS.TA,ALHE.TA
VRDS.TA,BRMG.TA
VRDS.TA,ECP.TA
VRDS.TA,MLRN.TA
VCTR.TA,SPNTC.TA
VCTR.TA,WESR.TA
VCTR.TA,BKRY.TA
VCTR.TA,MIFT.TA
VCTR.TA,NISA.TA
VCTR.TA,PRIM.TA
VCTR.TA,BVC.TA
VCTR.TA,ALBA.TA
VCTR.TA,AUGN.TA
VCTR.TA,PRMG.TA
VILR.TA,LEVI.TA
VILR.TA,ZMH.TA
VILR.TA,CLIS.TA
VILR.TA,KARE.TA
VILR.TA,ELCRE.TA
VILR.TA,GVYM.TA
VILR.TA,MGDL.TA
VILR.TA,NTGR.TA
VILR.TA,DELG.TA
VILR.TA,MVNE.TA
VISN.TA,ETGA.TA
VISN.TA,BULL-M.TA
VISN.TA,SPEN.TA
VISN.TA,HAMAT.TA
VISN.TA,AMD.TA
VISN.TA,NTML.TA
VISN.TA,GNRS.TA
VISN.TA,LODZ.TA
VISN.TA,VRDS.TA
VISN.TA,ELCO.TA
VTNA.TA,MVNE.TA
VTNA.TA,RIT1.TA
VTNA.TA,SLARL.TA
VTNA.TA,AMOT.TA
VTNA.TA,ALRPR.TA
VTNA.TA,ISTA.TA
VTNA.TA,ISRO.TA
VTNA.TA,CRSR.TA
VTNA.TA,LEVI.TA
VTNA.TA,ASGR.TA
WATR.TA,SVRT.TA
WATR.TA,G107.TA
WATR.TA,HICN.TA
WATR.TA,NXFR.TA
WATR.TA,UPSL.TA
WATR.TA,MIFT.TA
WATR.TA,WILK.TA
WATR.TA,PMVM.TA
WATR.TA,INFR-M.TA
WATR.TA,CBI.TA
WESR.TA,ACCL.TA
WESR.TA,QNCO.TA
WESR.TA,ALBA.TA
WESR.TA,PRIM.TA
WESR.TA,VCTR.TA
WESR.TA,SEMG.TA
WESR.TA,DRSH.TA
WESR.TA,TECT.TA
WESR.TA,ALLT.TA
WESR.TA,SPNTC.TA
WILK.TA,FEAT.TA
WILK.TA,WATR.TA
WILK.TA,G107.TA
WILK.TA,NRGN.TA
WILK.TA,HICN.TA
WILK.TA,BLITZ-M.TA
WILK.TA,ARTS.TA
WILK.TA,GOTO.TA
WILK.TA,GNCL.TA
WILK.TA,ZOOZ.TA
WLFD.TA,MRG.TA
WLFD.TA,BULL-M.TA
WLFD.TA,AMD.TA
WLFD.TA,MLRN.TA
WLFD.TA,VRDS.TA
WLFD.TA,NVLG.TA
WLFD.TA,NURI.TA
WLFD.TA,JNGO.TA
WLFD.TA,AZRT.TA
WLFD.TA,G107.TA
WILC.TA,DIPL.TA
WILC.TA,QNCO.TA
WILC.TA,MRHL.TA
WILC.TA,PRMG.TA
WILC.TA,RVL.TA
WILC.TA,SHAN.TA
WILC.TA,OPAL.TA
WILC.TA,CBI.TA
WILC.TA,SKBN.TA
WILC.TA,ACCL.TA
WNBZ.TA,ARF.TA
WNBZ.TA,TDRN.TA
WNBZ.TA,SPRG.TA
WNBZ.TA,SBEN.TA
WNBZ.TA,TEDE.TA
WNBZ.TA,HAMAT.TA
WNBZ.TA,ELCO.TA
WNBZ.TA,RIMO.TA
WNBZ.TA,CPTP.TA
WNBZ.TA,APLP.TA
YBRD.TA,HICN.TA
YBRD.TA,TGTR.TA
YBRD.TA,MIFT.TA
YBRD.TA,GOTO.TA
YBRD.TA,CGEN.TA
YBRD.TA,ARTS.TA
YBRD.TA,FEAT.TA
YBRD.TA,ZOOZ.TA
YBRD.TA,SEMG.TA
YBRD.TA,SVRT.TA
YAAC.TA,CNTC.TA
YAAC.TA,WATR.TA
YAAC.TA,PULS.TA
YAAC.TA,G107.TA
YAAC.TA,SPDV.TA
YAAC.TA,GOTO.TA
YAAC.TA,BLITZ-M.TA
YAAC.TA,JNGO.TA
YAAC.TA,BRIH.TA
YAAC.TA,UNTC.TA
YBOX.TA,ALUMA.TA
YBOX.TA,ASHG.TA
YBOX.TA,HGG.TA
YBOX.TA,ELCO.TA
YBOX.TA,SHNP.TA
YBOX.TA,BRMG.TA
YBOX.TA,AMRK.TA
YBOX.TA,ACRO.TA
YBOX.TA,DNA.TA
YBOX.TA,NTO.TA
YHNF.TA,KAFR.TA
YHNF.TA,DRSH.TA
YHNF.TA,CAST.TA
YHNF.TA,DLTI.TA
YHNF.TA,ROTS.TA
YHNF.TA,AZRG.TA
YHNF.TA,BIG.TA
YHNF.TA,ISCN.TA
YHNF.TA,ZMH.TA
YHNF.TA,LBRA.TA
ZNKL.TA,ASHO.TA
ZNKL.TA,CMER.TA
ZNKL.TA,TATT.TA
ZNKL.TA,NVPT.TA
ZNKL.TA,QLTU.TA
ZNKL.TA,AURA.TA
ZNKL.TA,ARYT.TA
ZNKL.TA,BSEN.TA
ZNKL.TA,TOEN.TA
ZNKL.TA,NXSN.TA
ZPRS.TA,MTRN.TA
ZPRS.TA,MSVT.TA
ZPRS.TA,BIMT.TA
ZPRS.TA,SVRE.TA
ZPRS.TA,PERI.TA
ZPRS.TA,PLUR.TA
ZPRS.TA,GNCL.TA
ZPRS.TA,HMGS.TA
ZPRS.TA,ARF.TA
ZPRS.TA,MIA.TA
ZMH.TA,LEVI.TA
ZMH.TA,NTGR.TA
ZMH.TA,CLIS.TA
ZMH.TA,GVYM.TA
ZMH.TA,MGDL.TA
ZMH.TA,BOTI.TA
ZMH.TA,DELG.TA
ZMH.TA,ISCN.TA
ZMH.TA,KARE.TA
ZMH.TA,ROTS.TA
ZOOZ.TA,NXTG.TA
ZOOZ.TA,FRSX.TA
ZOOZ.TA,ALLT.TA
ZOOZ.TA,ARTS.TA
ZOOZ.TA,STRG.TA
ZOOZ.TA,NXGN.TA
ZOOZ.TA,SVRE.TA
ZOOZ.TA,LPSN.TA
ZOOZ.TA,PLUR.TA
ZOOZ.TA,AUGN.TA
ZUR.TA,ALUMA.TA
ZUR.TA,MLRN.TA
ZUR.TA,ALHE.TA
ZUR.TA,MGRT.TA
ZUR.TA,DIFI.TA
ZUR.TA,ADGR.TA
ZUR.TA,VRDS.TA
ZUR.TA,MSHR.TA
ZUR.TA,MCLL.TA
ZUR.TA,ILDC.TA
